ID,Label,Weight
顽石,顽石,4
封氏,封氏,2
小童,小童,10
霍启,霍启,4
封肃,封肃,13
鸳鸯,鸳鸯,425
黛玉,黛玉,1029
智通,智通,3
贾敷,贾敷,1
贾敬,贾敬,16
贾珍,贾珍,289
贾蓉,贾蓉,182
贾赦,贾赦,189
贾政,贾政,471
贾珠,贾珠,6
宝玉,宝玉,3748
贾敏,贾敏,1
贾琏,贾琏,688
贾母,贾母,1269
翡翠,翡翠,5
贾源,贾源,2
玻璃,玻璃,24
雪雁,雪雁,144
袭人,袭人,1131
珍珠,珍珠,24
薛蟠,薛蟠,251
贾兰,贾兰,76
李纨,李纨,361
拐子,拐子,18
门子,门子,31
冯渊,冯渊,6
宝钗,宝钗,789
媚人,媚人,1
晴雯,晴雯,336
麝月,麝月,233
刘氏,刘氏,5
琥珀,琥珀,58
凤姐,凤姐,1196
王成,王成,2
板儿,板儿,34
青儿,青儿,15
周瑞,周瑞,41
平儿,平儿,588
秦钟,秦钟,91
莺儿,莺儿,124
香菱,香菱,258
金钏,金钏,12
司棋,司棋,75
待书,待书,16
智能,智能,26
入画,入画,18
丰儿,丰儿,40
茜雪,茜雪,10
尤氏,尤氏,277
焦大,焦大,16
赖二,赖二,1
詹光,詹光,16
戴良,戴良,2
钱华,钱华,1
紫鹃,紫鹃,425
秦业,秦业,6
李贵,李贵,37
贾瑞,贾瑞,60
贾蔷,贾蔷,68
茗烟,茗烟,88
贾菌,贾菌,11
锄药,锄药,11
墨雨,墨雨,8
胡氏,胡氏,1
贾璜,贾璜,4
金氏,金氏,5
贾敕,贾敕,1
贾效,贾效,1
贾敦,贾敦,1
贾琮,贾琮,6
贾珩,贾珩,2
贾琛,贾琛,2
贾琼,贾琼,4
贾菖,贾菖,6
贾菱,贾菱,6
贾芸,贾芸,190
贾芹,贾芹,33
贾蓁,贾蓁,1
贾萍,贾萍,2
贾藻,贾藻,1
贾蘅,贾蘅,1
贾芬,贾芬,1
贾芳,贾芳,1
贾芝,贾芝,2
瑞珠,瑞珠,1
宝珠,宝珠,6
戴权,戴权,7
来旺,来旺,8
昭儿,昭儿,8
王仁,王仁,32
柳彪,柳彪,1
柳芳,柳芳,1
陈翼,陈翼,1
马魁,马魁,1
谢鲸,谢鲸,1
裘良,裘良,1
水溶,水溶,16
净虚,净虚,5
智善,智善,2
金哥,金哥,4
云光,云光,2
赖大,赖大,59
引泉,引泉,3
翠缕,翠缕,47
妙玉,妙玉,146
绣凤,绣凤,2
昭容,昭容,4
抱琴,抱琴,1
贾环,贾环,120
龄官,龄官,22
秋纹,秋纹,92
绮霰,绮霰,5
云儿,云儿,18
四儿,四儿,16
多官,多官,1
文官,文官,18
周氏,周氏,2
彩云,彩云,56
彩霞,彩霞,23
绣鸾,绣鸾,2
檀云,檀云,5
银姐,银姐,1
倪二,倪二,38
焙茗,焙茗,56
扫花,扫花,2
伴鹤,伴鹤,2
方椿,方椿,1
小红,小红,36
佳蕙,佳蕙,10
坠儿,坠儿,36
冯唐,冯唐,1
双瑞,双瑞,1
双寿,双寿,1
春纤,春纤,2
文杏,文杏,2
翠墨,翠墨,24
彩屏,彩屏,27
同喜,同喜,3
同贵,同贵,3
臻儿,臻儿,3
素云,素云,15
靛儿,靛儿,3
宝官,宝官,5
玉官,玉官,3
缕儿,缕儿,1
玉钏,玉钏,8
傅试,傅试,7
住儿,住儿,2
茗玉,茗玉,3
金彩,金彩,4
嫣红,嫣红,2
杏奴,杏奴,1
薛蝌,薛蝌,102
李纹,李纹,20
李绮,李绮,15
史鼐,史鼐,1
良儿,良儿,1
小螺,小螺,8
王荣,王荣,2
钱启,钱启,4
篆儿,篆儿,3
兴儿,兴儿,57
贾演,贾演,1
娄氏,娄氏,3
芳官,芳官,153
葵官,葵官,7
祝妈,祝妈,3
田妈,田妈,1
叶妈,叶妈,3
邢忠,邢忠,1
蕊官,蕊官,17
藕官,藕官,27
豆官,豆官,4
艾官,艾官,4
茄官,茄官,1
春燕,春燕,33
蝉姐,蝉姐,1
钱槐,钱槐,3
佩凤,佩凤,20
俞禄,俞禄,12
张华,张华,35
隆儿,隆儿,6
喜儿,喜儿,5
寿儿,寿儿,1
善姐,善姐,3
庆儿,庆儿,3
王信,王信,5
秋桐,秋桐,33
喜鸾,喜鸾,8
小霞,小霞,1
小鹊,小鹊,3
翠云,翠云,2
张妈,张妈,2
文花,文花,1
宝蟾,宝蟾,117
银碟,银碟,1
偕鸾,偕鸾,2
