Source,Target,Weight
顽石,宝玉,12
顽石,宝钗,3
顽石,莺儿,1
顽石,贾兰,1
封氏,小童,1
封氏,霍启,4
小童,霍启,4
小童,封氏,1
小童,黛玉,3
小童,贾政,3
小童,宝玉,9
小童,芳官,2
小童,葵官,3
小童,李纨,1
小童,平儿,1
小童,尤氏,3
小童,佩凤,2
小童,香菱,2
小童,玻璃,3
小童,贾琏,14
小童,贾珍,10
小童,隆儿,4
小童,喜儿,5
小童,寿儿,1
小童,薛蟠,1
小童,鸳鸯,1
霍启,小童,4
霍启,封氏,4
封肃,鸳鸯,1
鸳鸯,封肃,1
鸳鸯,宝玉,951
鸳鸯,袭人,239
鸳鸯,贾母,1601
鸳鸯,晴雯,30
鸳鸯,绮霰,1
鸳鸯,秋纹,4
鸳鸯,琥珀,162
鸳鸯,麝月,29
鸳鸯,宝钗,380
鸳鸯,黛玉,323
鸳鸯,珍珠,13
鸳鸯,紫鹃,71
鸳鸯,雪雁,4
鸳鸯,春纤,2
鸳鸯,莺儿,39
鸳鸯,文杏,2
鸳鸯,司棋,222
鸳鸯,待书,9
鸳鸯,翠墨,7
鸳鸯,入画,2
鸳鸯,彩屏,26
鸳鸯,同喜,2
鸳鸯,同贵,2
鸳鸯,香菱,32
鸳鸯,臻儿,2
鸳鸯,素云,20
鸳鸯,平儿,361
鸳鸯,丰儿,18
鸳鸯,小红,5
鸳鸯,金钏,7
鸳鸯,彩云,47
鸳鸯,贾珍,21
鸳鸯,凤姐,869
鸳鸯,文官,7
鸳鸯,宝官,1
鸳鸯,玉官,1
鸳鸯,佳蕙,2
鸳鸯,李纨,248
鸳鸯,彩霞,34
鸳鸯,板儿,2
鸳鸯,尤氏,203
鸳鸯,赖大,17
鸳鸯,贾赦,57
鸳鸯,玉钏,14
鸳鸯,翠缕,5
鸳鸯,茜雪,5
鸳鸯,门子,7
鸳鸯,金彩,3
鸳鸯,贾琏,338
鸳鸯,贾蓉,17
鸳鸯,云儿,1
鸳鸯,翡翠,2
鸳鸯,玻璃,9
鸳鸯,小螺,3
鸳鸯,薛蟠,5
鸳鸯,小童,1
鸳鸯,张华,32
鸳鸯,庆儿,4
鸳鸯,王信,3
鸳鸯,贾环,7
鸳鸯,贾政,81
鸳鸯,喜鸾,34
鸳鸯,贾琼,7
鸳鸯,贾兰,9
鸳鸯,檀云,1
鸳鸯,贾珠,3
鸳鸯,傅试,7
鸳鸯,佩凤,1
鸳鸯,偕鸾,1
鸳鸯,薛蝌,2
鸳鸯,李纹,50
鸳鸯,李绮,25
鸳鸯,妙玉,9
鸳鸯,秋桐,3
鸳鸯,贾芸,3
鸳鸯,周瑞,1
黛玉,小童,3
黛玉,贾赦,62
黛玉,贾母,792
黛玉,翡翠,7
黛玉,贾琏,55
黛玉,贾源,2
黛玉,玻璃,17
黛玉,宝玉,3616
黛玉,雪雁,795
黛玉,袭人,803
黛玉,薛蟠,6
黛玉,贾兰,18
黛玉,李纨,360
黛玉,宝钗,899
黛玉,贾政,35
黛玉,贾珍,14
黛玉,司棋,8
黛玉,待书,6
黛玉,茜雪,6
黛玉,周瑞,4
黛玉,凤姐,297
黛玉,紫鹃,2087
黛玉,晴雯,142
黛玉,李贵,8
黛玉,秦钟,44
黛玉,平儿,103
黛玉,智能,6
黛玉,秦业,3
黛玉,抱琴,1
黛玉,昭容,1
黛玉,贾敬,1
黛玉,尤氏,29
黛玉,贾环,17
黛玉,贾蓉,4
黛玉,秋纹,120
黛玉,云儿,9
黛玉,翠缕,58
黛玉,珍珠,32
黛玉,香菱,201
黛玉,焙茗,5
黛玉,文官,2
黛玉,鸳鸯,323
黛玉,琥珀,42
黛玉,春纤,4
黛玉,莺儿,43
黛玉,文杏,1
黛玉,翠墨,39
黛玉,入画,7
黛玉,彩屏,3
黛玉,同喜,1
黛玉,同贵,1
黛玉,臻儿,1
黛玉,素云,9
黛玉,丰儿,1
黛玉,小红,11
黛玉,金钏,1
黛玉,彩云,16
黛玉,麝月,41
黛玉,佳蕙,2
黛玉,彩霞,4
黛玉,妙玉,115
黛玉,王仁,4
黛玉,李纹,26
黛玉,李绮,22
黛玉,薛蝌,4
黛玉,小螺,23
黛玉,赖大,5
黛玉,贾琮,1
黛玉,贾芹,1
黛玉,贾芸,13
黛玉,贾菱,1
黛玉,贾菖,1
黛玉,娄氏,1
黛玉,贾菌,1
黛玉,祝妈,1
黛玉,篆儿,4
黛玉,芳官,77
黛玉,蕊官,5
黛玉,藕官,3
黛玉,葵官,1
黛玉,豆官,1
黛玉,艾官,1
黛玉,茄官,1
黛玉,春燕,10
黛玉,绣鸾,1
黛玉,四儿,3
黛玉,茗烟,2
黛玉,兴儿,12
黛玉,隆儿,1
黛玉,喜鸾,4
黛玉,贾琼,1
黛玉,门子,5
黛玉,锄药,15
黛玉,墨雨,58
黛玉,傅试,1
智通,贾母,2
智通,芳官,8
智通,拐子,2
贾敷,贾敬,1
贾敷,贾珍,1
贾敷,贾蓉,1
贾敷,贾赦,2
贾敷,贾政,2
贾敷,贾珠,1
贾敷,宝玉,1
贾敬,贾敷,1
贾敬,贾珍,42
贾敬,贾蓉,61
贾敬,贾赦,12
贾敬,贾政,4
贾敬,贾珠,1
贾敬,宝玉,12
贾敬,袭人,2
贾敬,贾母,36
贾敬,尤氏,13
贾敬,贾敕,1
贾敬,贾效,1
贾敬,贾敦,1
贾敬,贾琮,1
贾敬,贾珩,1
贾敬,贾琛,2
贾敬,贾琼,2
贾敬,贾蔷,2
贾敬,贾菖,5
贾敬,贾菱,5
贾敬,贾芸,1
贾敬,贾芹,5
贾敬,贾蓁,1
贾敬,贾萍,1
贾敬,贾藻,1
贾敬,贾蘅,1
贾敬,贾芬,1
贾敬,贾芳,1
贾敬,贾兰,2
贾敬,贾菌,1
贾敬,贾芝,1
贾敬,秦业,1
贾敬,秦钟,1
贾敬,宝钗,1
贾敬,黛玉,1
贾敬,李纨,1
贾敬,凤姐,7
贾敬,贾琏,5
贾敬,贾环,1
贾敬,彩屏,4
贾珍,贾敷,1
贾珍,贾敬,42
贾珍,贾蓉,491
贾珍,贾赦,140
贾珍,贾政,112
贾珍,贾珠,1
贾珍,宝玉,223
贾珍,薛蟠,94
贾珍,贾琏,478
贾珍,贾母,296
贾珍,宝钗,27
贾珍,黛玉,14
贾珍,凤姐,132
贾珍,尤氏,185
贾珍,焦大,8
贾珍,赖二,1
贾珍,秦钟,39
贾珍,贾瑞,13
贾珍,贾蔷,21
贾珍,茗烟,9
贾珍,金氏,17
贾珍,李贵,3
贾珍,袭人,25
贾珍,贾敕,4
贾珍,贾效,4
贾珍,贾敦,4
贾珍,贾琮,14
贾珍,贾珩,4
贾珍,贾琛,8
贾珍,贾琼,16
贾珍,贾菖,9
贾珍,贾菱,9
贾珍,贾芸,13
贾珍,贾芹,43
贾珍,贾蓁,4
贾珍,贾萍,12
贾珍,贾藻,4
贾珍,贾蘅,4
贾珍,贾芬,4
贾珍,贾芳,4
贾珍,贾兰,26
贾珍,贾菌,4
贾珍,贾芝,5
贾珍,秦业,5
贾珍,瑞珠,5
贾珍,宝珠,17
贾珍,戴权,32
贾珍,水溶,9
贾珍,净虚,4
贾珍,智善,2
贾珍,智能,9
贾珍,赖大,15
贾珍,李纨,10
贾珍,詹光,3
贾珍,玻璃,3
贾珍,门子,1
贾珍,贾环,25
贾珍,文官,2
贾珍,香菱,4
贾珍,鸳鸯,21
贾珍,琥珀,27
贾珍,珍珠,1
贾珍,紫鹃,1
贾珍,雪雁,1
贾珍,春纤,1
贾珍,莺儿,1
贾珍,文杏,1
贾珍,司棋,1
贾珍,待书,1
贾珍,翠墨,1
贾珍,入画,1
贾珍,彩屏,3
贾珍,同喜,1
贾珍,同贵,1
贾珍,臻儿,1
贾珍,素云,1
贾珍,平儿,4
贾珍,丰儿,1
贾珍,小红,1
贾珍,金钏,1
贾珍,彩云,1
贾珍,贾璜,9
贾珍,兴儿,1
贾珍,贾演,1
贾珍,贾源,1
贾珍,李纹,1
贾珍,李绮,1
贾珍,四儿,1
贾珍,芳官,10
贾珍,晴雯,14
贾珍,麝月,1
贾珍,秋纹,1
贾珍,俞禄,64
贾珍,张华,39
贾珍,小童,10
贾珍,隆儿,20
贾珍,喜儿,25
贾珍,寿儿,5
贾珍,庆儿,2
贾珍,王信,1
贾珍,佩凤,26
贾珍,文花,7
贾珍,周瑞,122
贾珍,偕鸾,5
贾蓉,贾敷,1
贾蓉,贾敬,61
贾蓉,贾珍,491
贾蓉,贾赦,45
贾蓉,贾政,43
贾蓉,贾珠,1
贾蓉,宝玉,118
贾蓉,玻璃,4
贾蓉,凤姐,202
贾蓉,贾母,161
贾蓉,尤氏,141
贾蓉,焦大,35
贾蓉,赖二,5
贾蓉,秦业,3
贾蓉,秦钟,34
贾蓉,薛蟠,70
贾蓉,贾瑞,27
贾蓉,贾蔷,21
贾蓉,茗烟,8
贾蓉,戴权,8
贾蓉,宝珠,1
贾蓉,净虚,3
贾蓉,智善,2
贾蓉,智能,7
贾蓉,赖大,9
贾蓉,李纨,9
贾蓉,贾琏,545
贾蓉,詹光,1
贾蓉,宝钗,11
贾蓉,黛玉,4
贾蓉,贾兰,15
贾蓉,贾环,10
贾蓉,贾芸,8
贾蓉,贾萍,6
贾蓉,贾芹,19
贾蓉,贾璜,6
贾蓉,贾琼,6
贾蓉,贾演,3
贾蓉,贾源,3
贾蓉,鸳鸯,17
贾蓉,贾菖,5
贾蓉,贾菱,5
贾蓉,彩屏,4
贾蓉,琥珀,10
贾蓉,李纹,1
贾蓉,李绮,1
贾蓉,贾琮,5
贾蓉,文官,1
贾蓉,娄氏,1
贾蓉,袭人,1
贾蓉,香菱,1
贾蓉,俞禄,132
贾蓉,张华,103
贾蓉,庆儿,11
贾蓉,王信,13
贾蓉,小红,2
贾蓉,丰儿,2
贾蓉,平儿,2
贾蓉,晴雯,13
贾蓉,贾芝,1
贾蓉,佩凤,1
贾蓉,偕鸾,1
贾蓉,妙玉,1
贾赦,贾敷,2
贾赦,贾敬,12
贾赦,贾珍,140
贾赦,贾蓉,45
贾赦,贾政,322
贾赦,贾珠,2
贾赦,宝玉,316
贾赦,黛玉,62
贾赦,贾母,413
贾赦,翡翠,1
贾赦,贾琏,224
贾赦,薛蟠,6
贾赦,袭人,6
贾赦,尤氏,39
贾赦,贾敕,1
贾赦,贾效,1
贾赦,贾敦,1
贾赦,贾琮,4
贾赦,贾珩,1
贾赦,贾琛,2
贾赦,贾琼,3
贾赦,贾蔷,14
贾赦,贾菖,2
贾赦,贾菱,2
贾赦,贾芸,4
贾赦,贾芹,3
贾赦,贾蓁,1
贾赦,贾萍,1
贾赦,贾藻,1
贾赦,贾蘅,1
贾赦,贾芬,1
贾赦,贾芳,1
贾赦,贾兰,37
贾赦,贾菌,1
贾赦,贾芝,9
贾赦,秦业,1
贾赦,秦钟,7
贾赦,水溶,10
贾赦,凤姐,96
贾赦,赖大,28
贾赦,李纨,18
贾赦,詹光,3
贾赦,绣凤,1
贾赦,昭容,6
贾赦,宝钗,18
贾赦,抱琴,1
贾赦,贾环,32
贾赦,平儿,21
贾赦,鸳鸯,57
贾赦,金彩,8
贾赦,嫣红,1
贾赦,彩屏,1
贾赦,俞禄,1
贾赦,秋桐,25
贾赦,佩凤,9
贾赦,喜鸾,4
贾赦,琥珀,7
贾赦,玻璃,1
贾赦,文花,1
贾赦,晴雯,13
贾赦,紫鹃,7
贾赦,香菱,3
贾赦,李贵,1
贾赦,门子,4
贾赦,焙茗,6
贾赦,锄药,6
贾赦,雪雁,6
贾赦,偕鸾,3
贾赦,张华,4
贾赦,彩云,1
贾政,贾敷,2
贾政,贾敬,4
贾政,贾珍,112
贾政,贾蓉,43
贾政,贾赦,322
贾政,贾珠,21
贾政,宝玉,1334
贾政,小童,3
贾政,门子,11
贾政,冯渊,2
贾政,薛蟠,48
贾政,宝钗,125
贾政,拐子,1
贾政,贾琏,307
贾政,贾母,745
贾政,黛玉,35
贾政,袭人,159
贾政,晴雯,30
贾政,麝月,22
贾政,李贵,12
贾政,尤氏,51
贾政,贾敕,1
贾政,贾效,1
贾政,贾敦,1
贾政,贾琮,1
贾政,贾珩,1
贾政,贾琛,2
贾政,贾琼,3
贾政,贾蔷,18
贾政,贾菖,1
贾政,贾菱,1
贾政,贾芸,41
贾政,贾芹,16
贾政,贾蓁,1
贾政,贾萍,1
贾政,贾藻,1
贾政,贾蘅,1
贾政,贾芬,1
贾政,贾芳,1
贾政,贾兰,65
贾政,贾菌,1
贾政,贾芝,10
贾政,秦业,1
贾政,秦钟,15
贾政,凤姐,168
贾政,水溶,8
贾政,赖大,40
贾政,詹光,32
贾政,茗烟,4
贾政,引泉,5
贾政,翠缕,4
贾政,玻璃,7
贾政,昭容,4
贾政,李纨,25
贾政,抱琴,2
贾政,贾环,77
贾政,周氏,4
贾政,彩云,32
贾政,彩霞,5
贾政,绣鸾,3
贾政,绣凤,3
贾政,金钏,6
贾政,平儿,23
贾政,丰儿,6
贾政,焙茗,30
贾政,傅试,12
贾政,玉钏,2
贾政,翠墨,2
贾政,薛蝌,30
贾政,紫鹃,14
贾政,佩凤,7
贾政,鸳鸯,81
贾政,喜鸾,4
贾政,琥珀,24
贾政,小霞,1
贾政,文花,1
贾政,芳官,6
贾政,四儿,2
贾政,香菱,16
贾政,司棋,1
贾政,墨雨,2
贾政,焦大,10
贾政,锄药,2
贾政,雪雁,12
贾政,秋纹,5
贾政,莺儿,6
贾政,珍珠,6
贾政,银碟,1
贾政,戴良,1
贾政,周瑞,3
贾政,偕鸾,3
贾政,张华,2
贾政,小红,1
贾政,秋桐,1
贾政,妙玉,11
贾政,王仁,9
贾政,李绮,1
贾珠,贾敷,1
贾珠,贾敬,1
贾珠,贾珍,1
贾珠,贾蓉,1
贾珠,贾赦,2
贾珠,贾政,21
贾珠,宝玉,36
贾珠,贾环,1
贾珠,贾母,27
贾珠,鸳鸯,3
贾珠,李纨,5
宝玉,贾敷,1
宝玉,贾敬,12
宝玉,贾珍,223
宝玉,贾蓉,118
宝玉,贾赦,316
宝玉,贾政,1334
宝玉,贾珠,36
宝玉,黛玉,3616
宝玉,贾母,3617
宝玉,雪雁,267
宝玉,袭人,6945
宝玉,珍珠,31
宝玉,宝钗,2812
宝玉,媚人,1
宝玉,晴雯,2549
宝玉,麝月,1555
宝玉,玻璃,59
宝玉,琥珀,76
宝玉,李纨,620
宝玉,司棋,159
宝玉,待书,8
宝玉,茜雪,48
宝玉,周瑞,27
宝玉,凤姐,1844
宝玉,尤氏,237
宝玉,秦钟,450
宝玉,平儿,654
宝玉,焦大,7
宝玉,赖二,1
宝玉,詹光,22
宝玉,戴良,8
宝玉,钱华,8
宝玉,莺儿,550
宝玉,顽石,12
宝玉,紫鹃,1466
宝玉,秦业,22
宝玉,李贵,196
宝玉,薛蟠,335
宝玉,贾瑞,42
宝玉,贾蔷,79
宝玉,茗烟,542
宝玉,贾菌,26
宝玉,贾兰,275
宝玉,锄药,45
宝玉,墨雨,40
宝玉,贾琏,569
宝玉,贾敕,4
宝玉,贾效,4
宝玉,贾敦,4
宝玉,贾琮,16
宝玉,贾珩,5
宝玉,贾琛,8
宝玉,贾琼,10
宝玉,贾菖,7
宝玉,贾菱,7
宝玉,贾芸,240
宝玉,贾芹,9
宝玉,贾蓁,4
宝玉,贾萍,4
宝玉,贾藻,4
宝玉,贾蘅,4
宝玉,贾芬,4
宝玉,贾芳,4
宝玉,贾芝,5
宝玉,昭儿,28
宝玉,水溶,42
宝玉,宝珠,12
宝玉,净虚,41
宝玉,智善,24
宝玉,智能,151
宝玉,引泉,9
宝玉,翠缕,177
宝玉,门子,8
宝玉,抱琴,4
宝玉,昭容,4
宝玉,贾环,289
宝玉,秋纹,509
宝玉,丰儿,18
宝玉,绮霰,10
宝玉,鸳鸯,951
宝玉,香菱,545
宝玉,云儿,30
宝玉,四儿,159
宝玉,彩云,144
宝玉,彩霞,43
宝玉,绣鸾,17
宝玉,绣凤,5
宝玉,金钏,27
宝玉,焙茗,319
宝玉,扫花,4
宝玉,伴鹤,6
宝玉,倪二,6
宝玉,方椿,2
宝玉,檀云,10
宝玉,小红,28
宝玉,佳蕙,38
宝玉,坠儿,57
宝玉,冯唐,6
宝玉,文官,13
宝玉,双瑞,4
宝玉,双寿,4
宝玉,春纤,1
宝玉,文杏,1
宝玉,翠墨,59
宝玉,入画,40
宝玉,彩屏,25
宝玉,同喜,1
宝玉,同贵,1
宝玉,臻儿,7
宝玉,素云,19
宝玉,靛儿,13
宝玉,宝官,29
宝玉,玉官,13
宝玉,缕儿,5
宝玉,赖大,33
宝玉,玉钏,30
宝玉,傅试,50
宝玉,龄官,92
宝玉,茗玉,21
宝玉,板儿,7
宝玉,妙玉,527
宝玉,王仁,43
宝玉,李纹,159
宝玉,李绮,75
宝玉,薛蝌,36
宝玉,良儿,2
宝玉,小螺,49
宝玉,王荣,10
宝玉,钱启,20
宝玉,娄氏,1
宝玉,祝妈,3
宝玉,芳官,716
宝玉,蕊官,40
宝玉,藕官,143
宝玉,葵官,7
宝玉,豆官,1
宝玉,艾官,3
宝玉,茄官,1
宝玉,翡翠,1
宝玉,春燕,63
宝玉,篆儿,12
宝玉,小童,9
宝玉,佩凤,14
宝玉,兴儿,4
宝玉,隆儿,1
宝玉,王信,1
宝玉,喜鸾,16
宝玉,小霞,2
宝玉,小鹊,9
宝玉,来旺,5
宝玉,文花,2
宝玉,宝蟾,1
宝玉,秋桐,7
宝玉,青儿,2
贾琏,黛玉,55
贾琏,翡翠,1
贾琏,贾赦,224
贾琏,贾母,566
贾琏,薛蟠,37
贾琏,贾政,307
贾琏,贾珍,478
贾琏,板儿,14
贾琏,凤姐,1360
贾琏,平儿,830
贾琏,秦钟,9
贾琏,智能,5
贾琏,李纨,35
贾琏,玻璃,3
贾琏,丰儿,45
贾琏,贾蔷,23
贾琏,宝玉,569
贾琏,昭儿,4
贾琏,云光,1
贾琏,秦业,2
贾琏,香菱,245
贾琏,贾蓉,545
贾琏,赖大,179
贾琏,詹光,2
贾琏,贾敬,5
贾琏,宝钗,135
贾琏,贾兰,20
贾琏,尤氏,112
贾琏,贾环,23
贾琏,袭人,103
贾琏,多官,6
贾琏,贾芹,92
贾琏,周氏,6
贾琏,贾芸,88
贾琏,金彩,10
贾琏,鸳鸯,338
贾琏,门子,7
贾琏,嫣红,1
贾琏,琥珀,41
贾琏,李纹,1
贾琏,李绮,1
贾琏,贾琮,4
贾琏,贾菱,1
贾琏,贾菖,1
贾琏,贾璜,2
贾琏,俞禄,256
贾琏,张华,34
贾琏,小童,14
贾琏,隆儿,55
贾琏,喜儿,65
贾琏,寿儿,13
贾琏,兴儿,36
贾琏,茗烟,24
贾琏,晴雯,12
贾琏,庆儿,3
贾琏,王信,5
贾琏,秋桐,182
贾琏,彩云,21
贾琏,司棋,8
贾琏,彩霞,44
贾琏,珍珠,17
贾琏,佩凤,5
贾琏,文花,1
贾琏,麝月,3
贾琏,秋纹,6
贾琏,芳官,1
贾琏,四儿,1
贾琏,紫鹃,36
贾琏,雪雁,5
贾琏,周瑞,70
贾琏,焦大,2
贾琏,小红,24
贾琏,王仁,85
贾琏,宝蟾,155
贾琏,贾芝,3
贾琏,银碟,4
贾琏,戴良,4
贾琏,偕鸾,3
贾琏,玉钏,4
贾琏,莺儿,4
贾琏,青儿,26
贾琏,妙玉,7
贾琏,喜鸾,4
贾母,黛玉,792
贾母,贾赦,413
贾母,翡翠,7
贾母,贾琏,566
贾母,贾源,1
贾母,玻璃,50
贾母,宝玉,3617
贾母,雪雁,75
贾母,袭人,702
贾母,珍珠,41
贾母,薛蟠,30
贾母,贾政,745
贾母,贾珍,296
贾母,宝钗,910
贾母,李纨,474
贾母,司棋,44
贾母,待书,27
贾母,凤姐,1873
贾母,尤氏,591
贾母,贾蓉,161
贾母,秦钟,61
贾母,詹光,2
贾母,戴良,2
贾母,钱华,2
贾母,晴雯,133
贾母,茜雪,8
贾母,麝月,112
贾母,李贵,17
贾母,贾瑞,10
贾母,贾敕,3
贾母,贾效,3
贾母,贾敦,3
贾母,贾琮,8
贾母,贾珩,3
贾母,贾琛,6
贾母,贾琼,22
贾母,贾蔷,12
贾母,贾菖,16
贾母,贾菱,16
贾母,贾芸,31
贾母,贾芹,17
贾母,贾蓁,3
贾母,贾萍,3
贾母,贾藻,3
贾母,贾蘅,3
贾母,贾芬,3
贾母,贾芳,3
贾母,贾兰,109
贾母,贾菌,18
贾母,贾芝,4
贾母,秦业,4
贾母,贾敬,36
贾母,智能,3
贾母,净虚,1
贾母,赖大,49
贾母,茗烟,8
贾母,绣凤,3
贾母,昭容,9
贾母,抱琴,6
贾母,贾环,78
贾母,秋纹,77
贾母,绮霰,4
贾母,鸳鸯,1601
贾母,琥珀,239
贾母,香菱,109
贾母,莺儿,91
贾母,云儿,8
贾母,翠缕,29
贾母,丰儿,30
贾母,平儿,281
贾母,焙茗,28
贾母,锄药,2
贾母,引泉,2
贾母,扫花,2
贾母,伴鹤,2
贾母,檀云,2
贾母,彩云,94
贾母,彩霞,20
贾母,紫鹃,281
贾母,春纤,11
贾母,文杏,11
贾母,翠墨,18
贾母,入画,14
贾母,彩屏,16
贾母,同喜,12
贾母,同贵,11
贾母,臻儿,11
贾母,素云,23
贾母,小红,14
贾母,金钏,12
贾母,靛儿,2
贾母,佳蕙,1
贾母,贾珠,27
贾母,玉钏,6
贾母,文官,28
贾母,板儿,62
贾母,妙玉,114
贾母,门子,7
贾母,嫣红,1
贾母,薛蝌,43
贾母,李纹,46
贾母,李绮,27
贾母,兴儿,1
贾母,娄氏,12
贾母,贾璜,1
贾母,芳官,15
贾母,葵官,3
贾母,邢忠,6
贾母,蕊官,1
贾母,藕官,1
贾母,豆官,1
贾母,艾官,1
贾母,茄官,1
贾母,俞禄,9
贾母,张华,209
贾母,庆儿,26
贾母,王信,15
贾母,秋桐,30
贾母,佩凤,25
贾母,喜鸾,66
贾母,文花,3
贾母,四儿,3
贾母,智通,2
贾母,拐子,1
贾母,墨雨,10
贾母,周瑞,13
贾母,傅试,2
贾母,王仁,2
贾母,来旺,3
贾母,偕鸾,9
翡翠,黛玉,7
翡翠,贾赦,1
翡翠,贾琏,1
翡翠,贾母,7
翡翠,李纨,5
翡翠,丰儿,2
翡翠,板儿,2
翡翠,素云,1
翡翠,凤姐,1
翡翠,珍珠,1
翡翠,宝玉,1
翡翠,鸳鸯,2
翡翠,琥珀,1
翡翠,玻璃,1
翡翠,玉钏,1
翡翠,彩云,1
翡翠,彩霞,1
贾源,黛玉,2
贾源,贾母,1
贾源,玻璃,1
贾源,贾蓉,3
贾源,贾珍,1
贾源,贾演,1
玻璃,黛玉,17
玻璃,贾母,50
玻璃,贾源,1
玻璃,宝玉,59
玻璃,琥珀,9
玻璃,凤姐,29
玻璃,贾蓉,4
玻璃,智能,1
玻璃,李纨,16
玻璃,丰儿,2
玻璃,贾琏,3
玻璃,平儿,21
玻璃,贾政,7
玻璃,门子,1
玻璃,贾珍,3
玻璃,袭人,9
玻璃,晴雯,16
玻璃,麝月,6
玻璃,檀云,1
玻璃,秋纹,1
玻璃,彩云,3
玻璃,香菱,7
玻璃,李纹,3
玻璃,李绮,3
玻璃,宝钗,8
玻璃,妙玉,1
玻璃,尤氏,11
玻璃,贾环,2
玻璃,贾琮,2
玻璃,贾芹,2
玻璃,贾芸,2
玻璃,贾菱,2
玻璃,贾菖,2
玻璃,鸳鸯,9
玻璃,翡翠,1
玻璃,玉钏,1
玻璃,彩霞,1
玻璃,芳官,6
玻璃,葵官,9
玻璃,小童,3
玻璃,佩凤,6
玻璃,喜鸾,4
玻璃,贾琼,1
玻璃,赖大,1
玻璃,贾赦,1
玻璃,詹光,4
雪雁,黛玉,795
雪雁,贾母,75
雪雁,宝玉,267
雪雁,袭人,90
雪雁,紫鹃,1039
雪雁,翠缕,23
雪雁,珍珠,10
雪雁,凤姐,33
雪雁,宝钗,41
雪雁,鸳鸯,4
雪雁,琥珀,1
雪雁,春纤,1
雪雁,莺儿,6
雪雁,文杏,1
雪雁,司棋,1
雪雁,待书,1
雪雁,翠墨,23
雪雁,入画,1
雪雁,彩屏,1
雪雁,同喜,1
雪雁,同贵,1
雪雁,香菱,2
雪雁,臻儿,1
雪雁,素云,1
雪雁,平儿,113
雪雁,丰儿,1
雪雁,小红,24
雪雁,金钏,1
雪雁,彩云,1
雪雁,贾珍,1
雪雁,祝妈,4
雪雁,晴雯,8
雪雁,李纨,203
雪雁,贾琏,5
雪雁,锄药,5
雪雁,贾芸,4
雪雁,秋纹,5
雪雁,李纹,1
雪雁,李绮,1
雪雁,芳官,7
雪雁,贾赦,6
雪雁,贾政,12
雪雁,贾环,2
雪雁,贾兰,2
雪雁,墨雨,36
雪雁,尤氏,2
袭人,黛玉,803
袭人,雪雁,90
袭人,贾母,702
袭人,宝玉,6945
袭人,珍珠,10
袭人,媚人,1
袭人,晴雯,969
袭人,麝月,757
袭人,茜雪,28
袭人,贾政,159
袭人,尤氏,92
袭人,贾珍,25
袭人,贾敕,2
袭人,贾效,2
袭人,贾敦,2
袭人,贾赦,6
袭人,贾琮,3
袭人,贾珩,2
袭人,贾琛,4
袭人,贾琼,4
袭人,贾蔷,8
袭人,贾菖,2
袭人,贾菱,2
袭人,贾芸,71
袭人,贾芹,2
袭人,贾蓁,2
袭人,贾萍,2
袭人,贾藻,2
袭人,贾蘅,2
袭人,贾芬,2
袭人,贾芳,2
袭人,贾兰,71
袭人,贾菌,2
袭人,贾芝,2
袭人,秦业,2
袭人,秦钟,18
袭人,贾敬,2
袭人,凤姐,437
袭人,茗烟,84
袭人,秋纹,243
袭人,宝钗,1114
袭人,丰儿,15
袭人,绮霰,4
袭人,鸳鸯,239
袭人,琥珀,8
袭人,贾环,47
袭人,香菱,210
袭人,莺儿,175
袭人,平儿,524
袭人,贾琏,103
袭人,紫鹃,514
袭人,翠缕,152
袭人,四儿,71
袭人,檀云,10
袭人,佳蕙,20
袭人,焙茗,88
袭人,薛蟠,96
袭人,云儿,3
袭人,坠儿,27
袭人,文官,13
袭人,宝官,6
袭人,玉官,6
袭人,缕儿,8
袭人,金钏,6
袭人,彩云,84
袭人,玻璃,9
袭人,玉钏,18
袭人,翠墨,28
袭人,司棋,40
袭人,待书,2
袭人,入画,11
袭人,李纨,135
袭人,彩霞,3
袭人,素云,4
袭人,板儿,1
袭人,门子,6
袭人,金彩,3
袭人,良儿,2
袭人,篆儿,9
袭人,贾蓉,1
袭人,芳官,419
袭人,春燕,31
袭人,藕官,12
袭人,葵官,2
袭人,豆官,3
袭人,李贵,7
袭人,薛蝌,7
袭人,小螺,18
袭人,绣鸾,8
袭人,蕊官,15
袭人,妙玉,22
袭人,祝妈,6
袭人,兴儿,4
袭人,来旺,2
袭人,锄药,70
袭人,墨雨,6
袭人,翠云,1
袭人,王仁,4
袭人,小红,4
袭人,李纹,2
袭人,李绮,1
袭人,秋桐,2
袭人,彩屏,7
珍珠,袭人,10
珍珠,贾母,41
珍珠,宝玉,31
珍珠,黛玉,32
珍珠,紫鹃,20
珍珠,雪雁,10
珍珠,翠缕,2
珍珠,凤姐,23
珍珠,宝钗,3
珍珠,鸳鸯,13
珍珠,琥珀,18
珍珠,春纤,1
珍珠,莺儿,1
珍珠,文杏,1
珍珠,司棋,1
珍珠,待书,1
珍珠,翠墨,1
珍珠,入画,1
珍珠,彩屏,1
珍珠,同喜,1
珍珠,同贵,1
珍珠,香菱,2
珍珠,臻儿,1
珍珠,素云,1
珍珠,平儿,21
珍珠,丰儿,1
珍珠,小红,1
珍珠,金钏,1
珍珠,彩云,1
珍珠,贾珍,1
珍珠,翡翠,1
珍珠,贾琏,17
珍珠,李纨,23
珍珠,银碟,1
珍珠,贾政,6
珍珠,尤氏,1
珍珠,秋纹,6
珍珠,贾芸,1
薛蟠,贾母,30
薛蟠,黛玉,6
薛蟠,冯渊,14
薛蟠,拐子,12
薛蟠,门子,4
薛蟠,贾政,48
薛蟠,宝钗,273
薛蟠,贾琏,37
薛蟠,贾赦,6
薛蟠,贾珍,94
薛蟠,秦钟,62
薛蟠,宝玉,335
薛蟠,贾瑞,45
薛蟠,贾蔷,27
薛蟠,贾蓉,70
薛蟠,茗烟,23
薛蟠,瑞珠,1
薛蟠,宝珠,3
薛蟠,尤氏,9
薛蟠,凤姐,4
薛蟠,平儿,1
薛蟠,丰儿,1
薛蟠,香菱,439
薛蟠,焙茗,37
薛蟠,詹光,6
薛蟠,冯唐,5
薛蟠,四儿,5
薛蟠,锄药,1
薛蟠,双瑞,1
薛蟠,双寿,1
薛蟠,云儿,32
薛蟠,袭人,96
薛蟠,贾环,6
薛蟠,莺儿,7
薛蟠,赖大,2
薛蟠,杏奴,4
薛蟠,文杏,1
薛蟠,臻儿,1
薛蟠,王仁,1
薛蟠,李纨,5
薛蟠,李纹,1
薛蟠,李绮,1
薛蟠,薛蝌,65
薛蟠,邢忠,1
薛蟠,鸳鸯,5
薛蟠,小童,1
薛蟠,同喜,5
薛蟠,贾琮,4
薛蟠,贾兰,12
薛蟠,晴雯,4
薛蟠,司棋,1
薛蟠,宝蟾,254
薛蟠,同贵,2
贾兰,李纨,67
贾兰,黛玉,18
贾兰,贾菌,16
贾兰,茗烟,6
贾兰,宝玉,275
贾兰,秦钟,3
贾兰,锄药,4
贾兰,墨雨,4
贾兰,贾瑞,2
贾兰,袭人,71
贾兰,贾母,109
贾兰,尤氏,19
贾兰,贾珍,26
贾兰,贾敕,1
贾兰,贾效,1
贾兰,贾敦,1
贾兰,贾赦,37
贾兰,贾政,65
贾兰,贾琮,6
贾兰,贾珩,1
贾兰,贾琛,2
贾兰,贾琼,2
贾兰,贾蔷,13
贾兰,贾菖,1
贾兰,贾菱,1
贾兰,贾芸,2
贾兰,贾芹,1
贾兰,贾蓁,1
贾兰,贾萍,1
贾兰,贾藻,1
贾兰,贾蘅,1
贾兰,贾芬,1
贾兰,贾芳,1
贾兰,贾芝,2
贾兰,秦业,1
贾兰,贾敬,2
贾兰,贾环,53
贾兰,宝钗,99
贾兰,凤姐,19
贾兰,贾琏,20
贾兰,贾蓉,15
贾兰,娄氏,1
贾兰,香菱,5
贾兰,薛蟠,12
贾兰,佩凤,2
贾兰,文花,1
贾兰,鸳鸯,9
贾兰,琥珀,5
贾兰,素云,4
贾兰,紫鹃,7
贾兰,雪雁,2
贾兰,赖大,1
贾兰,顽石,1
贾兰,彩云,10
贾兰,李绮,5
贾兰,莺儿,9
贾兰,门子,1
贾兰,平儿,1
贾兰,王仁,1
贾兰,李贵,16
贾兰,薛蝌,10
李纨,贾兰,67
李纨,黛玉,360
李纨,贾母,474
李纨,宝玉,620
李纨,司棋,15
李纨,待书,5
李纨,智能,2
李纨,玻璃,16
李纨,凤姐,236
李纨,丰儿,14
李纨,贾琏,35
李纨,平儿,495
李纨,茜雪,1
李纨,周瑞,1
李纨,赖大,3
李纨,尤氏,180
李纨,贾赦,18
李纨,贾珍,10
李纨,贾蓉,9
李纨,贾蔷,4
李纨,宝钗,243
李纨,抱琴,1
李纨,昭容,1
李纨,贾政,25
李纨,贾敬,1
李纨,贾环,22
李纨,云儿,5
李纨,香菱,26
李纨,文官,3
李纨,鸳鸯,248
李纨,琥珀,22
李纨,彩霞,8
李纨,彩云,14
李纨,袭人,135
李纨,板儿,11
李纨,素云,35
李纨,翡翠,5
李纨,紫鹃,392
李纨,翠墨,11
李纨,薛蝌,7
李纨,王仁,6
李纨,李纹,21
李纨,李绮,27
李纨,薛蟠,5
李纨,妙玉,23
李纨,麝月,12
李纨,坠儿,1
李纨,晴雯,22
李纨,贾琮,1
李纨,贾芹,1
李纨,贾芸,5
李纨,贾菱,2
李纨,贾菖,2
李纨,娄氏,1
李纨,莺儿,13
李纨,祝妈,2
李纨,田妈,2
李纨,茗烟,2
李纨,叶妈,6
李纨,春燕,1
李纨,芳官,7
李纨,小螺,1
李纨,翠缕,1
李纨,入画,15
李纨,篆儿,1
李纨,绣鸾,1
李纨,葵官,3
李纨,小童,1
李纨,佩凤,5
李纨,贾珩,1
李纨,秋桐,8
李纨,王信,1
李纨,雪雁,203
李纨,喜鸾,10
李纨,张妈,4
李纨,贾珠,5
李纨,焙茗,6
李纨,墨雨,4
李纨,珍珠,23
李纨,彩屏,5
李纨,秋纹,3
李纨,李贵,4
拐子,门子,16
拐子,冯渊,9
拐子,薛蟠,12
拐子,贾政,1
拐子,宝钗,1
拐子,贾母,1
拐子,芳官,4
拐子,智通,2
门子,冯渊,7
门子,拐子,16
门子,薛蟠,4
门子,贾政,11
门子,玻璃,1
门子,贾珍,1
门子,宝玉,8
门子,凤姐,18
门子,平儿,8
门子,袭人,6
门子,鸳鸯,7
门子,贾琏,7
门子,贾母,7
门子,晴雯,1
门子,宝钗,2
门子,黛玉,5
门子,贾芸,2
门子,焦大,1
门子,贾赦,4
门子,妙玉,1
门子,彩屏,4
门子,尤氏,1
门子,贾兰,1
门子,贾环,4
门子,王仁,1
冯渊,门子,7
冯渊,拐子,9
冯渊,薛蟠,14
冯渊,贾政,2
冯渊,宝钗,2
宝钗,冯渊,2
宝钗,薛蟠,273
宝钗,贾政,125
宝钗,拐子,1
宝钗,贾母,910
宝钗,黛玉,899
宝钗,贾珍,27
宝钗,宝玉,2812
宝钗,莺儿,215
宝钗,顽石,3
宝钗,凤姐,358
宝钗,李纨,243
宝钗,抱琴,1
宝钗,昭容,1
宝钗,贾赦,18
宝钗,贾敬,1
宝钗,贾兰,99
宝钗,尤氏,111
宝钗,贾琏,135
宝钗,贾环,77
宝钗,贾蓉,11
宝钗,袭人,1114
宝钗,麝月,131
宝钗,晴雯,122
宝钗,香菱,314
宝钗,云儿,4
宝钗,彩云,23
宝钗,彩霞,5
宝钗,紫鹃,133
宝钗,雪雁,41
宝钗,文官,7
宝钗,坠儿,16
宝钗,司棋,14
宝钗,待书,18
宝钗,入画,7
宝钗,绮霰,1
宝钗,鸳鸯,380
宝钗,琥珀,40
宝钗,珍珠,3
宝钗,春纤,3
宝钗,文杏,6
宝钗,翠墨,16
宝钗,彩屏,8
宝钗,同喜,4
宝钗,同贵,5
宝钗,臻儿,6
宝钗,素云,14
宝钗,平儿,227
宝钗,丰儿,3
宝钗,小红,12
宝钗,金钏,5
宝钗,龄官,1
宝钗,靛儿,9
宝钗,佳蕙,2
宝钗,缕儿,1
宝钗,焙茗,44
宝钗,秦钟,8
宝钗,玉钏,3
宝钗,秋纹,53
宝钗,妙玉,120
宝钗,王仁,21
宝钗,李纹,13
宝钗,李绮,8
宝钗,薛蝌,109
宝钗,史鼐,1
宝钗,玻璃,8
宝钗,小螺,7
宝钗,贾琮,1
宝钗,贾芹,1
宝钗,贾芸,6
宝钗,贾菱,1
宝钗,贾菖,1
宝钗,娄氏,1
宝钗,贾菌,1
宝钗,祝妈,2
宝钗,田妈,2
宝钗,茗烟,2
宝钗,叶妈,6
宝钗,芳官,26
宝钗,蕊官,7
宝钗,藕官,5
宝钗,葵官,1
宝钗,豆官,1
宝钗,艾官,1
宝钗,茄官,1
宝钗,春燕,4
宝钗,翠缕,3
宝钗,篆儿,1
宝钗,绣鸾,1
宝钗,四儿,1
宝钗,兴儿,12
宝钗,隆儿,1
宝钗,喜鸾,4
宝钗,贾琼,1
宝钗,赖大,4
宝钗,门子,2
宝钗,宝蟾,101
宝钗,李贵,10
宝钗,秋桐,7
宝钗,贾蔷,7
宝钗,青儿,5
媚人,宝玉,1
媚人,袭人,1
媚人,晴雯,1
媚人,麝月,1
晴雯,宝玉,2549
晴雯,袭人,969
晴雯,媚人,1
晴雯,麝月,615
晴雯,贾母,133
晴雯,黛玉,142
晴雯,茜雪,4
晴雯,贾政,30
晴雯,秋纹,109
晴雯,凤姐,172
晴雯,丰儿,1
晴雯,绮霰,4
晴雯,鸳鸯,30
晴雯,琥珀,1
晴雯,贾环,16
晴雯,宝钗,122
晴雯,香菱,54
晴雯,莺儿,24
晴雯,佳蕙,13
晴雯,司棋,58
晴雯,待书,3
晴雯,入画,11
晴雯,平儿,75
晴雯,檀云,7
晴雯,彩云,12
晴雯,玻璃,16
晴雯,春纤,7
晴雯,傅试,6
晴雯,玉钏,2
晴雯,坠儿,63
晴雯,良儿,1
晴雯,篆儿,8
晴雯,李纨,22
晴雯,紫鹃,38
晴雯,雪雁,8
晴雯,芳官,247
晴雯,春燕,9
晴雯,藕官,5
晴雯,葵官,2
晴雯,豆官,3
晴雯,尤氏,9
晴雯,李贵,1
晴雯,薛蝌,1
晴雯,素云,1
晴雯,蕊官,1
晴雯,小螺,2
晴雯,四儿,58
晴雯,翠墨,3
晴雯,妙玉,3
晴雯,贾珍,14
晴雯,茗烟,9
晴雯,贾琏,12
晴雯,小鹊,3
晴雯,来旺,3
晴雯,门子,1
晴雯,贾赦,13
晴雯,薛蟠,4
晴雯,焙茗,11
晴雯,小红,8
晴雯,贾蓉,13
麝月,宝玉,1555
麝月,袭人,757
麝月,媚人,1
麝月,晴雯,615
麝月,贾母,112
麝月,贾政,22
麝月,绮霰,4
麝月,秋纹,157
麝月,鸳鸯,29
麝月,琥珀,7
麝月,贾环,41
麝月,宝钗,131
麝月,香菱,11
麝月,莺儿,59
麝月,四儿,9
麝月,檀云,10
麝月,贾芸,19
麝月,凤姐,52
麝月,司棋,9
麝月,待书,2
麝月,入画,2
麝月,黛玉,41
麝月,佳蕙,6
麝月,平儿,24
麝月,彩云,2
麝月,玻璃,6
麝月,玉钏,4
麝月,素云,5
麝月,紫鹃,22
麝月,彩霞,1
麝月,翠墨,2
麝月,翠缕,1
麝月,金钏,1
麝月,茜雪,1
麝月,茗烟,8
麝月,坠儿,23
麝月,良儿,2
麝月,篆儿,3
麝月,李纨,12
麝月,云儿,1
麝月,芳官,67
麝月,春燕,21
麝月,藕官,4
麝月,李贵,1
麝月,尤氏,5
麝月,薛蝌,1
麝月,蕊官,1
麝月,贾珍,1
麝月,来旺,2
麝月,贾琏,3
麝月,李纹,24
麝月,李绮,9
麝月,焙茗,5
麝月,妙玉,10
麝月,小红,2
刘氏,凤姐,6
刘氏,王成,6
刘氏,板儿,3
刘氏,青儿,3
琥珀,宝玉,76
琥珀,玻璃,9
琥珀,袭人,8
琥珀,贾母,239
琥珀,晴雯,1
琥珀,绮霰,1
琥珀,秋纹,2
琥珀,鸳鸯,162
琥珀,麝月,7
琥珀,宝钗,40
琥珀,黛玉,42
琥珀,珍珠,18
琥珀,紫鹃,12
琥珀,雪雁,1
琥珀,春纤,1
琥珀,莺儿,4
琥珀,文杏,1
琥珀,司棋,1
琥珀,待书,2
琥珀,翠墨,4
琥珀,入画,1
琥珀,彩屏,1
琥珀,同喜,1
琥珀,同贵,1
琥珀,香菱,8
琥珀,臻儿,1
琥珀,素云,5
琥珀,平儿,46
琥珀,丰儿,3
琥珀,小红,2
琥珀,金钏,4
琥珀,彩云,8
琥珀,贾珍,27
琥珀,凤姐,186
琥珀,李纨,22
琥珀,彩霞,14
琥珀,板儿,1
琥珀,尤氏,32
琥珀,玉钏,4
琥珀,翠缕,3
琥珀,茜雪,3
琥珀,李纹,1
琥珀,李绮,1
琥珀,贾琏,41
琥珀,贾环,4
琥珀,贾琮,1
琥珀,贾蓉,10
琥珀,贾芹,1
琥珀,贾芸,6
琥珀,贾菱,1
琥珀,贾菖,1
琥珀,云儿,1
琥珀,翡翠,1
琥珀,张华,32
琥珀,庆儿,4
琥珀,王信,3
琥珀,贾政,24
琥珀,喜鸾,16
琥珀,贾琼,4
琥珀,赖大,10
琥珀,贾赦,7
琥珀,贾兰,5
琥珀,周瑞,16
琥珀,秋桐,1
凤姐,王成,4
凤姐,板儿,33
凤姐,刘氏,6
凤姐,青儿,81
凤姐,贾琏,1360
凤姐,平儿,1415
凤姐,玻璃,29
凤姐,贾蓉,202
凤姐,智能,90
凤姐,李纨,236
凤姐,丰儿,162
凤姐,黛玉,297
凤姐,宝玉,1844
凤姐,茜雪,8
凤姐,周瑞,30
凤姐,贾母,1873
凤姐,尤氏,263
凤姐,秦钟,156
凤姐,焦大,32
凤姐,贾珍,132
凤姐,赖二,3
凤姐,贾瑞,89
凤姐,贾蔷,34
凤姐,贾政,168
凤姐,来旺,17
凤姐,昭儿,44
凤姐,王仁,84
凤姐,宝珠,14
凤姐,贾赦,96
凤姐,净虚,34
凤姐,秦业,10
凤姐,智善,20
凤姐,金哥,8
凤姐,云光,3
凤姐,赖大,46
凤姐,香菱,45
凤姐,宝钗,358
凤姐,贾敬,7
凤姐,贾兰,19
凤姐,贾环,77
凤姐,袭人,437
凤姐,晴雯,172
凤姐,莺儿,33
凤姐,云儿,2
凤姐,贾芹,11
凤姐,周氏,4
凤姐,贾芸,251
凤姐,绮霰,4
凤姐,焙茗,20
凤姐,锄药,2
凤姐,引泉,2
凤姐,扫花,2
凤姐,伴鹤,2
凤姐,倪二,4
凤姐,方椿,1
凤姐,秋纹,26
凤姐,小红,92
凤姐,彩霞,73
凤姐,紫鹃,94
凤姐,雪雁,33
凤姐,薛蟠,4
凤姐,文官,9
凤姐,司棋,167
凤姐,麝月,52
凤姐,待书,42
凤姐,入画,69
凤姐,门子,18
凤姐,珍珠,23
凤姐,鸳鸯,869
凤姐,琥珀,186
凤姐,春纤,1
凤姐,文杏,1
凤姐,翠墨,3
凤姐,彩屏,5
凤姐,同喜,2
凤姐,同贵,1
凤姐,臻儿,1
凤姐,素云,5
凤姐,金钏,5
凤姐,彩云,58
凤姐,靛儿,1
凤姐,翠缕,44
凤姐,玉钏,16
凤姐,佳蕙,11
凤姐,翡翠,1
凤姐,金彩,2
凤姐,李纹,12
凤姐,李绮,8
凤姐,薛蝌,5
凤姐,贾菖,5
凤姐,贾菱,5
凤姐,贾琮,1
凤姐,贾菌,6
凤姐,娄氏,3
凤姐,芳官,9
凤姐,俞禄,29
凤姐,张华,276
凤姐,茗烟,2
凤姐,祝妈,1
凤姐,兴儿,806
凤姐,善姐,3
凤姐,庆儿,27
凤姐,王信,18
凤姐,秋桐,137
凤姐,喜鸾,46
凤姐,贾琼,11
凤姐,小霞,1
凤姐,住儿,1
凤姐,嫣红,8
凤姐,翠云,8
凤姐,佩凤,9
凤姐,张妈,30
凤姐,李贵,3
凤姐,詹光,4
凤姐,戴良,2
凤姐,偕鸾,1
凤姐,妙玉,21
王成,凤姐,4
王成,板儿,2
王成,刘氏,6
王成,青儿,2
板儿,凤姐,33
板儿,王成,2
板儿,刘氏,3
板儿,青儿,11
板儿,周瑞,3
板儿,贾琏,14
板儿,平儿,30
板儿,贾母,62
板儿,李纨,11
板儿,丰儿,4
板儿,素云,2
板儿,翡翠,2
板儿,宝玉,7
板儿,鸳鸯,2
板儿,琥珀,1
板儿,文官,4
板儿,袭人,1
青儿,凤姐,81
青儿,王成,2
青儿,板儿,11
青儿,刘氏,3
青儿,平儿,60
青儿,小红,4
青儿,丰儿,14
青儿,贾琏,26
青儿,秋桐,2
青儿,彩云,5
青儿,宝钗,5
青儿,宝玉,2
周瑞,板儿,3
周瑞,黛玉,4
周瑞,宝玉,27
周瑞,茜雪,1
周瑞,凤姐,30
周瑞,李纨,1
周瑞,李贵,12
周瑞,王荣,8
周瑞,钱启,16
周瑞,茗烟,4
周瑞,伴鹤,4
周瑞,锄药,4
周瑞,平儿,3
周瑞,贾琏,70
周瑞,紫鹃,2
周瑞,琥珀,16
周瑞,贾母,13
周瑞,贾珍,122
周瑞,贾芸,19
周瑞,倪二,2
周瑞,贾政,3
周瑞,赖大,3
周瑞,戴良,1
周瑞,尤氏,1
周瑞,彩屏,1
周瑞,鸳鸯,1
周瑞,文官,1
平儿,板儿,30
平儿,贾琏,830
平儿,凤姐,1415
平儿,智能,2
平儿,李纨,495
平儿,玻璃,21
平儿,丰儿,77
平儿,宝玉,654
平儿,秦钟,2
平儿,尤氏,90
平儿,贾瑞,4
平儿,黛玉,103
平儿,来旺,2
平儿,昭儿,4
平儿,香菱,96
平儿,袭人,524
平儿,贾芸,15
平儿,贾母,281
平儿,绮霰,1
平儿,焙茗,3
平儿,锄药,1
平儿,引泉,1
平儿,扫花,1
平儿,伴鹤,1
平儿,薛蟠,1
平儿,贾政,23
平儿,贾赦,21
平儿,贾环,43
平儿,门子,8
平儿,宝钗,227
平儿,鸳鸯,361
平儿,琥珀,46
平儿,珍珠,21
平儿,紫鹃,191
平儿,雪雁,113
平儿,春纤,1
平儿,莺儿,26
平儿,文杏,1
平儿,司棋,77
平儿,待书,18
平儿,翠墨,11
平儿,入画,10
平儿,彩屏,4
平儿,同喜,1
平儿,同贵,1
平儿,臻儿,1
平儿,素云,6
平儿,小红,33
平儿,金钏,4
平儿,彩云,132
平儿,贾珍,4
平儿,晴雯,75
平儿,麝月,24
平儿,佳蕙,1
平儿,彩霞,19
平儿,住儿,5
平儿,玉钏,16
平儿,翠缕,10
平儿,茜雪,1
平儿,金彩,2
平儿,秋纹,32
平儿,坠儿,13
平儿,良儿,2
平儿,祝妈,2
平儿,田妈,2
平儿,茗烟,2
平儿,叶妈,6
平儿,篆儿,10
平儿,春燕,13
平儿,芳官,178
平儿,小螺,14
平儿,绣鸾,9
平儿,蕊官,3
平儿,藕官,2
平儿,四儿,2
平儿,葵官,3
平儿,小童,1
平儿,佩凤,9
平儿,兴儿,92
平儿,隆儿,1
平儿,俞禄,2
平儿,张华,2
平儿,周瑞,3
平儿,秋桐,101
平儿,喜鸾,10
平儿,贾琼,1
平儿,赖大,21
平儿,嫣红,3
平儿,翠云,3
平儿,贾蓉,2
平儿,王仁,34
平儿,偕鸾,1
平儿,妙玉,10
平儿,青儿,60
平儿,贾兰,1
秦钟,贾琏,9
秦钟,宝玉,450
秦钟,凤姐,156
秦钟,平儿,2
秦钟,尤氏,18
秦钟,焦大,4
秦钟,贾母,61
秦钟,秦业,20
秦钟,贾蓉,34
秦钟,李贵,45
秦钟,黛玉,44
秦钟,薛蟠,62
秦钟,贾瑞,51
秦钟,贾蔷,26
秦钟,贾珍,39
秦钟,茗烟,44
秦钟,贾菌,8
秦钟,贾兰,3
秦钟,锄药,2
秦钟,墨雨,2
秦钟,金氏,4
秦钟,袭人,18
秦钟,贾敕,1
秦钟,贾效,1
秦钟,贾敦,1
秦钟,贾赦,7
秦钟,贾政,15
秦钟,贾琮,1
秦钟,贾珩,1
秦钟,贾琛,2
秦钟,贾琼,2
秦钟,贾菖,1
秦钟,贾菱,1
秦钟,贾芸,1
秦钟,贾芹,1
秦钟,贾蓁,1
秦钟,贾萍,1
秦钟,贾藻,1
秦钟,贾蘅,1
秦钟,贾芬,1
秦钟,贾芳,1
秦钟,贾芝,1
秦钟,贾敬,1
秦钟,昭儿,4
秦钟,宝珠,8
秦钟,净虚,25
秦钟,智善,16
秦钟,智能,118
秦钟,宝钗,8
秦钟,焙茗,2
秦钟,贾环,1
莺儿,宝钗,215
莺儿,宝玉,550
莺儿,顽石,1
莺儿,麝月,59
莺儿,晴雯,24
莺儿,袭人,175
莺儿,贾环,59
莺儿,香菱,23
莺儿,贾母,91
莺儿,凤姐,33
莺儿,丰儿,3
莺儿,司棋,5
莺儿,待书,4
莺儿,入画,3
莺儿,绮霰,1
莺儿,黛玉,43
莺儿,鸳鸯,39
莺儿,琥珀,4
莺儿,珍珠,1
莺儿,紫鹃,16
莺儿,雪雁,6
莺儿,春纤,1
莺儿,文杏,2
莺儿,翠墨,2
莺儿,彩屏,1
莺儿,同喜,2
莺儿,同贵,1
莺儿,臻儿,2
莺儿,素云,2
莺儿,平儿,26
莺儿,小红,4
莺儿,金钏,1
莺儿,彩云,6
莺儿,贾珍,1
莺儿,玉钏,33
莺儿,秋纹,17
莺儿,坠儿,12
莺儿,薛蟠,7
莺儿,李纨,13
莺儿,祝妈,4
莺儿,田妈,4
莺儿,茗烟,4
莺儿,叶妈,12
莺儿,篆儿,2
莺儿,蕊官,21
莺儿,藕官,23
莺儿,春燕,76
莺儿,芳官,11
莺儿,尤氏,6
莺儿,小螺,2
莺儿,贾政,6
莺儿,李纹,2
莺儿,李绮,1
莺儿,贾琏,4
莺儿,贾兰,9
香菱,金钏,11
香菱,凤姐,45
香菱,贾琏,245
香菱,平儿,96
香菱,宝玉,545
香菱,麝月,11
香菱,晴雯,54
香菱,袭人,210
香菱,贾环,10
香菱,宝钗,314
香菱,莺儿,23
香菱,贾母,109
香菱,紫鹃,16
香菱,黛玉,201
香菱,薛蟠,439
香菱,贾珍,4
香菱,李纨,26
香菱,文官,2
香菱,坠儿,3
香菱,司棋,20
香菱,待书,4
香菱,鸳鸯,32
香菱,琥珀,8
香菱,珍珠,2
香菱,雪雁,2
香菱,春纤,2
香菱,文杏,5
香菱,翠墨,3
香菱,入画,6
香菱,彩屏,2
香菱,同喜,2
香菱,同贵,2
香菱,臻儿,11
香菱,素云,3
香菱,丰儿,2
香菱,小红,2
香菱,彩云,10
香菱,焙茗,3
香菱,李纹,1
香菱,李绮,1
香菱,玻璃,7
香菱,妙玉,3
香菱,尤氏,33
香菱,贾琮,1
香菱,贾兰,5
香菱,贾蓉,1
香菱,芳官,28
香菱,蕊官,41
香菱,藕官,21
香菱,小螺,28
香菱,葵官,6
香菱,小童,2
香菱,佩凤,4
香菱,贾赦,3
香菱,贾政,16
香菱,宝蟾,651
香菱,秋纹,1
香菱,李贵,1
香菱,薛蝌,94
金钏,香菱,11
金钏,宝玉,27
金钏,贾政,6
金钏,彩云,6
金钏,彩霞,3
金钏,绣鸾,2
金钏,绣凤,2
金钏,贾环,4
金钏,贾母,12
金钏,宝钗,5
金钏,黛玉,1
金钏,鸳鸯,7
金钏,琥珀,4
金钏,珍珠,1
金钏,紫鹃,2
金钏,雪雁,1
金钏,春纤,1
金钏,莺儿,1
金钏,文杏,1
金钏,司棋,1
金钏,待书,1
金钏,翠墨,2
金钏,入画,1
金钏,彩屏,1
金钏,同喜,1
金钏,同贵,1
金钏,臻儿,1
金钏,素云,2
金钏,平儿,4
金钏,丰儿,1
金钏,小红,1
金钏,贾珍,1
金钏,凤姐,5
金钏,袭人,6
金钏,焙茗,3
金钏,玉钏,1
金钏,麝月,1
金钏,翠缕,1
金钏,茜雪,1
司棋,贾母,44
司棋,宝玉,159
司棋,黛玉,8
司棋,李纨,15
司棋,待书,7
司棋,宝钗,14
司棋,坠儿,3
司棋,文官,1
司棋,香菱,20
司棋,凤姐,167
司棋,麝月,9
司棋,入画,44
司棋,莺儿,5
司棋,晴雯,58
司棋,绮霰,2
司棋,鸳鸯,222
司棋,琥珀,1
司棋,珍珠,1
司棋,紫鹃,3
司棋,雪雁,1
司棋,春纤,1
司棋,文杏,1
司棋,翠墨,2
司棋,彩屏,1
司棋,同喜,1
司棋,同贵,1
司棋,臻儿,1
司棋,素云,1
司棋,平儿,77
司棋,丰儿,1
司棋,小红,1
司棋,金钏,1
司棋,彩云,30
司棋,贾珍,1
司棋,袭人,40
司棋,芳官,54
司棋,玉钏,2
司棋,贾环,4
司棋,尤氏,6
司棋,小螺,1
司棋,贾琏,8
司棋,住儿,1
司棋,张妈,12
司棋,四儿,10
司棋,薛蟠,1
司棋,贾政,1
司棋,秋纹,2
待书,贾母,27
待书,宝玉,8
待书,黛玉,6
待书,李纨,5
待书,司棋,7
待书,宝钗,18
待书,坠儿,3
待书,文官,1
待书,香菱,4
待书,凤姐,42
待书,麝月,2
待书,入画,3
待书,莺儿,4
待书,晴雯,3
待书,绮霰,1
待书,鸳鸯,9
待书,琥珀,2
待书,珍珠,1
待书,紫鹃,2
待书,雪雁,1
待书,春纤,1
待书,文杏,1
待书,翠墨,2
待书,彩屏,1
待书,同喜,1
待书,同贵,1
待书,臻儿,1
待书,素云,4
待书,平儿,18
待书,丰儿,4
待书,小红,1
待书,金钏,1
待书,彩云,1
待书,贾珍,1
待书,袭人,2
待书,芳官,3
待书,蕊官,1
待书,藕官,1
待书,尤氏,18
智能,入画,2
智能,李纨,2
智能,玻璃,1
智能,凤姐,90
智能,丰儿,2
智能,贾琏,5
智能,平儿,2
智能,宝珠,8
智能,贾珍,9
智能,宝玉,151
智能,净虚,22
智能,贾蓉,7
智能,秦钟,118
智能,秦业,9
智能,智善,14
智能,贾母,3
智能,黛玉,6
入画,智能,2
入画,凤姐,69
入画,司棋,44
入画,宝钗,7
入画,麝月,2
入画,待书,3
入画,莺儿,3
入画,晴雯,11
入画,绮霰,1
入画,贾母,14
入画,黛玉,7
入画,鸳鸯,2
入画,琥珀,1
入画,珍珠,1
入画,紫鹃,2
入画,雪雁,1
入画,春纤,1
入画,文杏,1
入画,翠墨,3
入画,彩屏,1
入画,同喜,1
入画,同贵,1
入画,香菱,6
入画,臻儿,1
入画,素云,1
入画,平儿,10
入画,丰儿,1
入画,小红,1
入画,金钏,1
入画,彩云,1
入画,宝玉,40
入画,贾珍,1
入画,袭人,11
入画,小螺,1
入画,翠缕,1
入画,篆儿,1
入画,绣鸾,1
入画,李纨,15
入画,张妈,8
入画,尤氏,66
入画,四儿,2
入画,芳官,2
丰儿,智能,2
丰儿,李纨,14
丰儿,玻璃,2
丰儿,凤姐,162
丰儿,贾琏,45
丰儿,平儿,77
丰儿,来旺,1
丰儿,宝玉,18
丰儿,袭人,15
丰儿,茜雪,1
丰儿,晴雯,1
丰儿,莺儿,3
丰儿,贾环,7
丰儿,贾芸,7
丰儿,贾母,30
丰儿,绮霰,1
丰儿,焙茗,2
丰儿,锄药,1
丰儿,引泉,1
丰儿,扫花,1
丰儿,伴鹤,1
丰儿,薛蟠,1
丰儿,贾政,6
丰儿,宝钗,3
丰儿,黛玉,1
丰儿,鸳鸯,18
丰儿,琥珀,3
丰儿,珍珠,1
丰儿,紫鹃,1
丰儿,雪雁,1
丰儿,春纤,1
丰儿,文杏,1
丰儿,司棋,1
丰儿,待书,4
丰儿,翠墨,1
丰儿,入画,1
丰儿,彩屏,1
丰儿,同喜,1
丰儿,同贵,1
丰儿,香菱,2
丰儿,臻儿,1
丰儿,素云,3
丰儿,小红,17
丰儿,金钏,1
丰儿,彩云,3
丰儿,贾珍,1
丰儿,板儿,4
丰儿,翡翠,2
丰儿,金彩,1
丰儿,贾蓉,2
丰儿,秋桐,3
丰儿,青儿,14
丰儿,王仁,1
丰儿,喜鸾,2
茜雪,黛玉,6
茜雪,宝玉,48
茜雪,周瑞,1
茜雪,凤姐,8
茜雪,李纨,1
茜雪,袭人,28
茜雪,晴雯,4
茜雪,贾母,8
茜雪,丰儿,1
茜雪,鸳鸯,5
茜雪,琥珀,3
茜雪,平儿,1
茜雪,素云,1
茜雪,紫鹃,1
茜雪,彩霞,1
茜雪,玉钏,1
茜雪,麝月,1
茜雪,翠墨,1
茜雪,翠缕,1
茜雪,金钏,1
尤氏,凤姐,263
尤氏,贾母,591
尤氏,宝玉,237
尤氏,贾蓉,141
尤氏,秦钟,18
尤氏,平儿,90
尤氏,焦大,23
尤氏,贾珍,185
尤氏,赖二,1
尤氏,贾璜,4
尤氏,金氏,18
尤氏,贾瑞,7
尤氏,李贵,10
尤氏,袭人,92
尤氏,贾敕,3
尤氏,贾效,3
尤氏,贾敦,3
尤氏,贾赦,39
尤氏,贾政,51
尤氏,贾琮,4
尤氏,贾珩,4
尤氏,贾琛,6
尤氏,贾琼,7
尤氏,贾蔷,11
尤氏,贾菖,6
尤氏,贾菱,6
尤氏,贾芸,10
尤氏,贾芹,9
尤氏,贾蓁,3
尤氏,贾萍,3
尤氏,贾藻,3
尤氏,贾蘅,3
尤氏,贾芬,3
尤氏,贾芳,3
尤氏,贾兰,19
尤氏,贾菌,3
尤氏,贾芝,3
尤氏,秦业,3
尤氏,贾敬,13
尤氏,宝珠,1
尤氏,赖大,14
尤氏,李纨,180
尤氏,宝钗,111
尤氏,黛玉,29
尤氏,贾琏,112
尤氏,贾环,10
尤氏,薛蟠,9
尤氏,鸳鸯,203
尤氏,彩霞,1
尤氏,彩云,12
尤氏,翠墨,2
尤氏,琥珀,32
尤氏,兴儿,2
尤氏,彩屏,16
尤氏,李纹,1
尤氏,李绮,1
尤氏,玻璃,11
尤氏,文官,6
尤氏,娄氏,2
尤氏,薛蝌,9
尤氏,邢忠,3
尤氏,香菱,33
尤氏,芳官,9
尤氏,蕊官,5
尤氏,藕官,5
尤氏,葵官,10
尤氏,豆官,4
尤氏,艾官,4
尤氏,茄官,4
尤氏,晴雯,9
尤氏,春燕,1
尤氏,麝月,5
尤氏,待书,18
尤氏,素云,31
尤氏,紫鹃,11
尤氏,莺儿,6
尤氏,小螺,3
尤氏,司棋,6
尤氏,小童,3
尤氏,佩凤,72
尤氏,俞禄,12
尤氏,张华,72
尤氏,善姐,6
尤氏,庆儿,6
尤氏,王信,4
尤氏,秋桐,6
尤氏,喜鸾,10
尤氏,入画,66
尤氏,文花,2
尤氏,雪雁,2
尤氏,偕鸾,4
尤氏,珍珠,1
尤氏,周瑞,1
尤氏,门子,1
尤氏,妙玉,6
焦大,尤氏,23
焦大,秦钟,4
焦大,凤姐,32
焦大,宝玉,7
焦大,贾珍,8
焦大,赖二,7
焦大,贾蓉,35
焦大,贾政,10
焦大,贾芸,1
焦大,门子,1
焦大,贾琏,2
焦大,薛蝌,12
赖二,凤姐,3
赖二,宝玉,1
赖二,尤氏,1
赖二,焦大,7
赖二,贾珍,1
赖二,贾蓉,5
詹光,宝玉,22
詹光,贾母,2
詹光,戴良,1
詹光,钱华,1
詹光,贾政,32
詹光,贾赦,3
詹光,贾珍,3
詹光,贾琏,2
詹光,赖大,3
詹光,贾蓉,1
詹光,贾蔷,1
詹光,薛蟠,6
詹光,焙茗,3
詹光,凤姐,4
詹光,玻璃,4
戴良,宝玉,8
戴良,贾母,2
戴良,詹光,1
戴良,钱华,1
戴良,贾琏,4
戴良,凤姐,2
戴良,贾政,1
戴良,赖大,1
戴良,周瑞,1
钱华,宝玉,8
钱华,贾母,2
钱华,詹光,1
钱华,戴良,1
紫鹃,黛玉,2087
紫鹃,雪雁,1039
紫鹃,宝玉,1466
紫鹃,袭人,514
紫鹃,翠缕,44
紫鹃,珍珠,20
紫鹃,香菱,16
紫鹃,凤姐,94
紫鹃,宝钗,133
紫鹃,焙茗,10
紫鹃,贾母,281
紫鹃,鸳鸯,71
紫鹃,琥珀,12
紫鹃,春纤,1
紫鹃,莺儿,16
紫鹃,文杏,1
紫鹃,司棋,3
紫鹃,待书,2
紫鹃,翠墨,16
紫鹃,入画,2
紫鹃,彩屏,13
紫鹃,同喜,1
紫鹃,同贵,1
紫鹃,臻儿,1
紫鹃,素云,2
紫鹃,平儿,191
紫鹃,丰儿,1
紫鹃,小红,26
紫鹃,金钏,2
紫鹃,彩云,2
紫鹃,贾珍,1
紫鹃,李纨,392
紫鹃,彩霞,1
紫鹃,玉钏,1
紫鹃,麝月,22
紫鹃,茜雪,1
紫鹃,小螺,3
紫鹃,赖大,1
紫鹃,晴雯,38
紫鹃,蕊官,4
紫鹃,藕官,4
紫鹃,尤氏,11
紫鹃,贾政,14
紫鹃,妙玉,10
紫鹃,贾赦,7
紫鹃,秋纹,83
紫鹃,贾琏,36
紫鹃,周瑞,2
紫鹃,锄药,20
紫鹃,贾芸,16
紫鹃,芳官,8
紫鹃,傅试,3
紫鹃,贾环,3
紫鹃,贾兰,7
紫鹃,王仁,2
紫鹃,墨雨,96
秦业,贾蓉,3
秦业,秦钟,20
秦业,宝玉,22
秦业,袭人,2
秦业,贾母,4
秦业,尤氏,3
秦业,贾珍,5
秦业,贾敕,1
秦业,贾效,1
秦业,贾敦,1
秦业,贾赦,1
秦业,贾政,1
秦业,贾琮,1
秦业,贾珩,1
秦业,贾琛,2
秦业,贾琼,2
秦业,贾蔷,2
秦业,贾菖,1
秦业,贾菱,1
秦业,贾芸,1
秦业,贾芹,1
秦业,贾蓁,1
秦业,贾萍,1
秦业,贾藻,1
秦业,贾蘅,1
秦业,贾芬,1
秦业,贾芳,1
秦业,贾兰,1
秦业,贾菌,1
秦业,贾芝,1
秦业,贾敬,1
秦业,宝珠,1
秦业,凤姐,10
秦业,净虚,3
秦业,智善,2
秦业,智能,9
秦业,贾琏,2
秦业,黛玉,3
李贵,宝玉,196
李贵,贾政,12
李贵,贾母,17
李贵,秦钟,45
李贵,黛玉,8
李贵,茗烟,57
李贵,贾瑞,11
李贵,尤氏,10
李贵,贾珍,3
李贵,王荣,6
李贵,钱启,12
李贵,周瑞,12
李贵,伴鹤,3
李贵,锄药,3
李贵,赖大,3
李贵,薛蝌,3
李贵,晴雯,1
李贵,麝月,1
李贵,袭人,7
李贵,焙茗,1
李贵,贾赦,1
李贵,凤姐,3
李贵,香菱,1
李贵,宝钗,10
李贵,贾兰,16
李贵,李纨,4
李贵,彩云,2
李贵,贾蔷,2
李贵,贾环,2
贾瑞,秦钟,51
贾瑞,宝玉,42
贾瑞,薛蟠,45
贾瑞,贾蔷,68
贾瑞,贾珍,13
贾瑞,贾蓉,27
贾瑞,茗烟,23
贾瑞,贾菌,7
贾瑞,贾兰,2
贾瑞,锄药,2
贾瑞,墨雨,2
贾瑞,李贵,11
贾瑞,尤氏,7
贾瑞,贾母,10
贾瑞,平儿,4
贾瑞,凤姐,89
贾蔷,秦钟,26
贾蔷,宝玉,79
贾蔷,薛蟠,27
贾蔷,贾瑞,68
贾蔷,贾珍,21
贾蔷,贾蓉,21
贾蔷,茗烟,15
贾蔷,贾琏,23
贾蔷,凤姐,34
贾蔷,袭人,8
贾蔷,贾母,12
贾蔷,尤氏,11
贾蔷,贾敕,2
贾蔷,贾效,2
贾蔷,贾敦,2
贾蔷,贾赦,14
贾蔷,贾政,18
贾蔷,贾琮,2
贾蔷,贾珩,2
贾蔷,贾琛,4
贾蔷,贾琼,4
贾蔷,贾菖,3
贾蔷,贾菱,3
贾蔷,贾芸,36
贾蔷,贾芹,2
贾蔷,贾蓁,2
贾蔷,贾萍,2
贾蔷,贾藻,2
贾蔷,贾蘅,2
贾蔷,贾芬,2
贾蔷,贾芳,2
贾蔷,贾兰,13
贾蔷,贾菌,2
贾蔷,贾芝,3
贾蔷,秦业,2
贾蔷,贾敬,2
贾蔷,赖大,7
贾蔷,李纨,4
贾蔷,詹光,1
贾蔷,妙玉,6
贾蔷,龄官,79
贾蔷,文官,1
贾蔷,贾环,40
贾蔷,王仁,42
贾蔷,宝钗,7
贾蔷,彩云,2
贾蔷,李贵,2
贾蔷,薛蝌,1
茗烟,秦钟,44
茗烟,宝玉,542
茗烟,薛蟠,23
茗烟,贾瑞,23
茗烟,贾蔷,15
茗烟,贾珍,9
茗烟,贾蓉,8
茗烟,贾菌,21
茗烟,贾兰,6
茗烟,锄药,7
茗烟,墨雨,6
茗烟,李贵,57
茗烟,贾政,4
茗烟,贾母,8
茗烟,袭人,84
茗烟,麝月,8
茗烟,王荣,2
茗烟,钱启,4
茗烟,周瑞,4
茗烟,伴鹤,1
茗烟,宝钗,2
茗烟,祝妈,1
茗烟,田妈,1
茗烟,李纨,2
茗烟,莺儿,4
茗烟,叶妈,3
茗烟,平儿,2
茗烟,芳官,16
茗烟,黛玉,2
茗烟,四儿,1
茗烟,晴雯,9
茗烟,秋纹,1
茗烟,贾琏,24
茗烟,凤姐,2
贾菌,贾兰,16
贾菌,茗烟,21
贾菌,宝玉,26
贾菌,秦钟,8
贾菌,锄药,14
贾菌,墨雨,14
贾菌,贾瑞,7
贾菌,袭人,2
贾菌,贾母,18
贾菌,尤氏,3
贾菌,贾珍,4
贾菌,贾敕,1
贾菌,贾效,1
贾菌,贾敦,1
贾菌,贾赦,1
贾菌,贾政,1
贾菌,贾琮,1
贾菌,贾珩,1
贾菌,贾琛,2
贾菌,贾琼,2
贾菌,贾蔷,2
贾菌,贾菖,3
贾菌,贾菱,3
贾菌,贾芸,3
贾菌,贾芹,3
贾菌,贾蓁,1
贾菌,贾萍,1
贾菌,贾藻,1
贾菌,贾蘅,1
贾菌,贾芬,1
贾菌,贾芳,1
贾菌,贾芝,1
贾菌,秦业,1
贾菌,贾敬,1
贾菌,凤姐,6
贾菌,娄氏,3
贾菌,黛玉,1
贾菌,宝钗,1
锄药,贾菌,14
锄药,贾兰,4
锄药,茗烟,7
锄药,宝玉,45
锄药,秦钟,2
锄药,墨雨,4
锄药,贾瑞,2
锄药,凤姐,2
锄药,贾芸,27
锄药,丰儿,1
锄药,平儿,1
锄药,贾母,2
锄药,绮霰,1
锄药,焙茗,10
锄药,引泉,1
锄药,扫花,1
锄药,伴鹤,2
锄药,双瑞,1
锄药,双寿,1
锄药,薛蟠,1
锄药,云儿,2
锄药,李贵,3
锄药,王荣,2
锄药,钱启,4
锄药,周瑞,4
锄药,袭人,70
锄药,紫鹃,20
锄药,黛玉,15
锄药,雪雁,5
锄药,贾政,2
锄药,贾赦,6
墨雨,贾菌,14
墨雨,贾兰,4
墨雨,茗烟,6
墨雨,宝玉,40
墨雨,秦钟,2
墨雨,锄药,4
墨雨,贾瑞,2
墨雨,焙茗,2
墨雨,贾环,2
墨雨,贾母,10
墨雨,贾政,2
墨雨,袭人,6
墨雨,黛玉,58
墨雨,紫鹃,96
墨雨,雪雁,36
墨雨,李纨,4
贾璜,尤氏,4
贾璜,贾珍,9
贾璜,贾蓉,6
贾璜,贾芸,1
贾璜,贾萍,1
贾璜,贾芹,1
贾璜,贾琼,1
贾璜,贾母,1
贾璜,贾琏,2
贾璜,贾琮,1
金氏,尤氏,18
金氏,贾珍,17
金氏,秦钟,4
贾敕,宝玉,4
贾敕,袭人,2
贾敕,贾母,3
贾敕,尤氏,3
贾敕,贾珍,4
贾敕,贾效,1
贾敕,贾敦,1
贾敕,贾赦,1
贾敕,贾政,1
贾敕,贾琮,1
贾敕,贾珩,1
贾敕,贾琛,2
贾敕,贾琼,2
贾敕,贾蔷,2
贾敕,贾菖,1
贾敕,贾菱,1
贾敕,贾芸,1
贾敕,贾芹,1
贾敕,贾蓁,1
贾敕,贾萍,1
贾敕,贾藻,1
贾敕,贾蘅,1
贾敕,贾芬,1
贾敕,贾芳,1
贾敕,贾兰,1
贾敕,贾菌,1
贾敕,贾芝,1
贾敕,秦业,1
贾敕,秦钟,1
贾敕,贾敬,1
贾效,宝玉,4
贾效,袭人,2
贾效,贾母,3
贾效,尤氏,3
贾效,贾珍,4
贾效,贾敕,1
贾效,贾敦,1
贾效,贾赦,1
贾效,贾政,1
贾效,贾琮,1
贾效,贾珩,1
贾效,贾琛,2
贾效,贾琼,2
贾效,贾蔷,2
贾效,贾菖,1
贾效,贾菱,1
贾效,贾芸,1
贾效,贾芹,1
贾效,贾蓁,1
贾效,贾萍,1
贾效,贾藻,1
贾效,贾蘅,1
贾效,贾芬,1
贾效,贾芳,1
贾效,贾兰,1
贾效,贾菌,1
贾效,贾芝,1
贾效,秦业,1
贾效,秦钟,1
贾效,贾敬,1
贾敦,宝玉,4
贾敦,袭人,2
贾敦,贾母,3
贾敦,尤氏,3
贾敦,贾珍,4
贾敦,贾敕,1
贾敦,贾效,1
贾敦,贾赦,1
贾敦,贾政,1
贾敦,贾琮,1
贾敦,贾珩,1
贾敦,贾琛,2
贾敦,贾琼,2
贾敦,贾蔷,2
贾敦,贾菖,1
贾敦,贾菱,1
贾敦,贾芸,1
贾敦,贾芹,1
贾敦,贾蓁,1
贾敦,贾萍,1
贾敦,贾藻,1
贾敦,贾蘅,1
贾敦,贾芬,1
贾敦,贾芳,1
贾敦,贾兰,1
贾敦,贾菌,1
贾敦,贾芝,1
贾敦,秦业,1
贾敦,秦钟,1
贾敦,贾敬,1
贾琮,宝玉,16
贾琮,袭人,3
贾琮,贾母,8
贾琮,尤氏,4
贾琮,贾珍,14
贾琮,贾敕,1
贾琮,贾效,1
贾琮,贾敦,1
贾琮,贾赦,4
贾琮,贾政,1
贾琮,贾珩,1
贾琮,贾琛,2
贾琮,贾琼,2
贾琮,贾蔷,2
贾琮,贾菖,2
贾琮,贾菱,2
贾琮,贾芸,2
贾琮,贾芹,2
贾琮,贾蓁,1
贾琮,贾萍,1
贾琮,贾藻,1
贾琮,贾蘅,1
贾琮,贾芬,1
贾琮,贾芳,1
贾琮,贾兰,6
贾琮,贾菌,1
贾琮,贾芝,1
贾琮,秦业,1
贾琮,秦钟,1
贾琮,贾敬,1
贾琮,贾环,5
贾琮,琥珀,1
贾琮,黛玉,1
贾琮,李纨,1
贾琮,凤姐,1
贾琮,宝钗,1
贾琮,李纹,1
贾琮,李绮,1
贾琮,玻璃,2
贾琮,贾琏,4
贾琮,贾蓉,5
贾琮,贾璜,1
贾琮,香菱,1
贾琮,薛蟠,4
贾珩,宝玉,5
贾珩,袭人,2
贾珩,贾母,3
贾珩,尤氏,4
贾珩,贾珍,4
贾珩,贾敕,1
贾珩,贾效,1
贾珩,贾敦,1
贾珩,贾赦,1
贾珩,贾政,1
贾珩,贾琮,1
贾珩,贾琛,2
贾珩,贾琼,2
贾珩,贾蔷,2
贾珩,贾菖,2
贾珩,贾菱,2
贾珩,贾芸,1
贾珩,贾芹,1
贾珩,贾蓁,1
贾珩,贾萍,1
贾珩,贾藻,1
贾珩,贾蘅,1
贾珩,贾芬,1
贾珩,贾芳,1
贾珩,贾兰,1
贾珩,贾菌,1
贾珩,贾芝,1
贾珩,秦业,1
贾珩,秦钟,1
贾珩,贾敬,1
贾珩,李纨,1
贾琛,宝玉,8
贾琛,袭人,4
贾琛,贾母,6
贾琛,尤氏,6
贾琛,贾珍,8
贾琛,贾敕,2
贾琛,贾效,2
贾琛,贾敦,2
贾琛,贾赦,2
贾琛,贾政,2
贾琛,贾琮,2
贾琛,贾珩,2
贾琛,贾琼,4
贾琛,贾蔷,4
贾琛,贾菖,2
贾琛,贾菱,2
贾琛,贾芸,2
贾琛,贾芹,2
贾琛,贾蓁,2
贾琛,贾萍,2
贾琛,贾藻,2
贾琛,贾蘅,2
贾琛,贾芬,2
贾琛,贾芳,2
贾琛,贾兰,2
贾琛,贾菌,2
贾琛,贾芝,2
贾琛,秦业,2
贾琛,秦钟,2
贾琛,贾敬,2
贾琼,宝玉,10
贾琼,袭人,4
贾琼,贾母,22
贾琼,尤氏,7
贾琼,贾珍,16
贾琼,贾敕,2
贾琼,贾效,2
贾琼,贾敦,2
贾琼,贾赦,3
贾琼,贾政,3
贾琼,贾琮,2
贾琼,贾珩,2
贾琼,贾琛,4
贾琼,贾蔷,4
贾琼,贾菖,2
贾琼,贾菱,2
贾琼,贾芸,3
贾琼,贾芹,3
贾琼,贾蓁,2
贾琼,贾萍,3
贾琼,贾藻,2
贾琼,贾蘅,2
贾琼,贾芬,2
贾琼,贾芳,2
贾琼,贾兰,2
贾琼,贾菌,2
贾琼,贾芝,2
贾琼,秦业,2
贾琼,秦钟,2
贾琼,贾敬,2
贾琼,贾蓉,6
贾琼,贾璜,1
贾琼,鸳鸯,7
贾琼,凤姐,11
贾琼,宝钗,1
贾琼,黛玉,1
贾琼,喜鸾,4
贾琼,赖大,1
贾琼,琥珀,4
贾琼,玻璃,1
贾琼,平儿,1
贾菖,宝玉,7
贾菖,袭人,2
贾菖,贾母,16
贾菖,尤氏,6
贾菖,贾珍,9
贾菖,贾敕,1
贾菖,贾效,1
贾菖,贾敦,1
贾菖,贾赦,2
贾菖,贾政,1
贾菖,贾琮,2
贾菖,贾珩,2
贾菖,贾琛,2
贾菖,贾琼,2
贾菖,贾蔷,3
贾菖,贾菱,6
贾菖,贾芸,3
贾菖,贾芹,4
贾菖,贾蓁,1
贾菖,贾萍,1
贾菖,贾藻,1
贾菖,贾蘅,1
贾菖,贾芬,1
贾菖,贾芳,1
贾菖,贾兰,1
贾菖,贾菌,3
贾菖,贾芝,1
贾菖,秦业,1
贾菖,秦钟,1
贾菖,贾敬,5
贾菖,文官,1
贾菖,彩屏,1
贾菖,贾蓉,5
贾菖,凤姐,5
贾菖,琥珀,1
贾菖,黛玉,1
贾菖,李纨,2
贾菖,宝钗,1
贾菖,李纹,1
贾菖,李绮,1
贾菖,玻璃,2
贾菖,贾琏,1
贾菖,贾环,1
贾菖,娄氏,1
贾菱,宝玉,7
贾菱,袭人,2
贾菱,贾母,16
贾菱,尤氏,6
贾菱,贾珍,9
贾菱,贾敕,1
贾菱,贾效,1
贾菱,贾敦,1
贾菱,贾赦,2
贾菱,贾政,1
贾菱,贾琮,2
贾菱,贾珩,2
贾菱,贾琛,2
贾菱,贾琼,2
贾菱,贾蔷,3
贾菱,贾菖,6
贾菱,贾芸,3
贾菱,贾芹,4
贾菱,贾蓁,1
贾菱,贾萍,1
贾菱,贾藻,1
贾菱,贾蘅,1
贾菱,贾芬,1
贾菱,贾芳,1
贾菱,贾兰,1
贾菱,贾菌,3
贾菱,贾芝,1
贾菱,秦业,1
贾菱,秦钟,1
贾菱,贾敬,5
贾菱,文官,1
贾菱,彩屏,1
贾菱,贾蓉,5
贾菱,凤姐,5
贾菱,琥珀,1
贾菱,黛玉,1
贾菱,李纨,2
贾菱,宝钗,1
贾菱,李纹,1
贾菱,李绮,1
贾菱,玻璃,2
贾菱,贾琏,1
贾菱,贾环,1
贾菱,娄氏,1
贾芸,宝玉,240
贾芸,袭人,71
贾芸,贾母,31
贾芸,尤氏,10
贾芸,贾珍,13
贾芸,贾敕,1
贾芸,贾效,1
贾芸,贾敦,1
贾芸,贾赦,4
贾芸,贾政,41
贾芸,贾琮,2
贾芸,贾珩,1
贾芸,贾琛,2
贾芸,贾琼,3
贾芸,贾蔷,36
贾芸,贾菖,3
贾芸,贾菱,3
贾芸,贾芹,6
贾芸,贾蓁,1
贾芸,贾萍,2
贾芸,贾藻,1
贾芸,贾蘅,1
贾芸,贾芬,1
贾芸,贾芳,1
贾芸,贾兰,2
贾芸,贾菌,3
贾芸,贾芝,1
贾芸,秦业,1
贾芸,秦钟,1
贾芸,贾敬,1
贾芸,贾琏,88
贾芸,银姐,8
贾芸,倪二,107
贾芸,凤姐,251
贾芸,丰儿,7
贾芸,平儿,15
贾芸,绮霰,14
贾芸,焙茗,37
贾芸,锄药,27
贾芸,引泉,7
贾芸,扫花,7
贾芸,伴鹤,7
贾芸,方椿,7
贾芸,秋纹,16
贾芸,檀云,1
贾芸,麝月,19
贾芸,小红,136
贾芸,佳蕙,6
贾芸,坠儿,63
贾芸,贾蓉,8
贾芸,贾璜,1
贾芸,琥珀,6
贾芸,黛玉,13
贾芸,李纨,5
贾芸,宝钗,6
贾芸,李纹,1
贾芸,李绮,1
贾芸,玻璃,2
贾芸,贾环,91
贾芸,娄氏,1
贾芸,紫鹃,16
贾芸,雪雁,4
贾芸,门子,2
贾芸,焦大,1
贾芸,周瑞,19
贾芸,彩屏,2
贾芸,鸳鸯,3
贾芸,文官,2
贾芸,珍珠,1
贾芸,王仁,39
贾芸,妙玉,4
贾芹,宝玉,9
贾芹,袭人,2
贾芹,贾母,17
贾芹,尤氏,9
贾芹,贾珍,43
贾芹,贾敕,1
贾芹,贾效,1
贾芹,贾敦,1
贾芹,贾赦,3
贾芹,贾政,16
贾芹,贾琮,2
贾芹,贾珩,1
贾芹,贾琛,2
贾芹,贾琼,3
贾芹,贾蔷,2
贾芹,贾菖,4
贾芹,贾菱,4
贾芹,贾芸,6
贾芹,贾蓁,1
贾芹,贾萍,2
贾芹,贾藻,1
贾芹,贾蘅,1
贾芹,贾芬,1
贾芹,贾芳,1
贾芹,贾兰,1
贾芹,贾菌,3
贾芹,贾芝,1
贾芹,秦业,1
贾芹,秦钟,1
贾芹,贾敬,5
贾芹,周氏,3
贾芹,凤姐,11
贾芹,贾琏,92
贾芹,贾蓉,19
贾芹,贾璜,1
贾芹,彩屏,1
贾芹,琥珀,1
贾芹,黛玉,1
贾芹,李纨,1
贾芹,宝钗,1
贾芹,李纹,1
贾芹,李绮,1
贾芹,玻璃,2
贾芹,贾环,1
贾芹,娄氏,1
贾芹,芳官,24
贾芹,赖大,139
贾蓁,宝玉,4
贾蓁,袭人,2
贾蓁,贾母,3
贾蓁,尤氏,3
贾蓁,贾珍,4
贾蓁,贾敕,1
贾蓁,贾效,1
贾蓁,贾敦,1
贾蓁,贾赦,1
贾蓁,贾政,1
贾蓁,贾琮,1
贾蓁,贾珩,1
贾蓁,贾琛,2
贾蓁,贾琼,2
贾蓁,贾蔷,2
贾蓁,贾菖,1
贾蓁,贾菱,1
贾蓁,贾芸,1
贾蓁,贾芹,1
贾蓁,贾萍,1
贾蓁,贾藻,1
贾蓁,贾蘅,1
贾蓁,贾芬,1
贾蓁,贾芳,1
贾蓁,贾兰,1
贾蓁,贾菌,1
贾蓁,贾芝,1
贾蓁,秦业,1
贾蓁,秦钟,1
贾蓁,贾敬,1
贾萍,宝玉,4
贾萍,袭人,2
贾萍,贾母,3
贾萍,尤氏,3
贾萍,贾珍,12
贾萍,贾敕,1
贾萍,贾效,1
贾萍,贾敦,1
贾萍,贾赦,1
贾萍,贾政,1
贾萍,贾琮,1
贾萍,贾珩,1
贾萍,贾琛,2
贾萍,贾琼,3
贾萍,贾蔷,2
贾萍,贾菖,1
贾萍,贾菱,1
贾萍,贾芸,2
贾萍,贾芹,2
贾萍,贾蓁,1
贾萍,贾藻,1
贾萍,贾蘅,1
贾萍,贾芬,1
贾萍,贾芳,1
贾萍,贾兰,1
贾萍,贾菌,1
贾萍,贾芝,1
贾萍,秦业,1
贾萍,秦钟,1
贾萍,贾敬,1
贾萍,贾蓉,6
贾萍,贾璜,1
贾藻,宝玉,4
贾藻,袭人,2
贾藻,贾母,3
贾藻,尤氏,3
贾藻,贾珍,4
贾藻,贾敕,1
贾藻,贾效,1
贾藻,贾敦,1
贾藻,贾赦,1
贾藻,贾政,1
贾藻,贾琮,1
贾藻,贾珩,1
贾藻,贾琛,2
贾藻,贾琼,2
贾藻,贾蔷,2
贾藻,贾菖,1
贾藻,贾菱,1
贾藻,贾芸,1
贾藻,贾芹,1
贾藻,贾蓁,1
贾藻,贾萍,1
贾藻,贾蘅,1
贾藻,贾芬,1
贾藻,贾芳,1
贾藻,贾兰,1
贾藻,贾菌,1
贾藻,贾芝,1
贾藻,秦业,1
贾藻,秦钟,1
贾藻,贾敬,1
贾蘅,宝玉,4
贾蘅,袭人,2
贾蘅,贾母,3
贾蘅,尤氏,3
贾蘅,贾珍,4
贾蘅,贾敕,1
贾蘅,贾效,1
贾蘅,贾敦,1
贾蘅,贾赦,1
贾蘅,贾政,1
贾蘅,贾琮,1
贾蘅,贾珩,1
贾蘅,贾琛,2
贾蘅,贾琼,2
贾蘅,贾蔷,2
贾蘅,贾菖,1
贾蘅,贾菱,1
贾蘅,贾芸,1
贾蘅,贾芹,1
贾蘅,贾蓁,1
贾蘅,贾萍,1
贾蘅,贾藻,1
贾蘅,贾芬,1
贾蘅,贾芳,1
贾蘅,贾兰,1
贾蘅,贾菌,1
贾蘅,贾芝,1
贾蘅,秦业,1
贾蘅,秦钟,1
贾蘅,贾敬,1
贾芬,宝玉,4
贾芬,袭人,2
贾芬,贾母,3
贾芬,尤氏,3
贾芬,贾珍,4
贾芬,贾敕,1
贾芬,贾效,1
贾芬,贾敦,1
贾芬,贾赦,1
贾芬,贾政,1
贾芬,贾琮,1
贾芬,贾珩,1
贾芬,贾琛,2
贾芬,贾琼,2
贾芬,贾蔷,2
贾芬,贾菖,1
贾芬,贾菱,1
贾芬,贾芸,1
贾芬,贾芹,1
贾芬,贾蓁,1
贾芬,贾萍,1
贾芬,贾藻,1
贾芬,贾蘅,1
贾芬,贾芳,1
贾芬,贾兰,1
贾芬,贾菌,1
贾芬,贾芝,1
贾芬,秦业,1
贾芬,秦钟,1
贾芬,贾敬,1
贾芳,宝玉,4
贾芳,袭人,2
贾芳,贾母,3
贾芳,尤氏,3
贾芳,贾珍,4
贾芳,贾敕,1
贾芳,贾效,1
贾芳,贾敦,1
贾芳,贾赦,1
贾芳,贾政,1
贾芳,贾琮,1
贾芳,贾珩,1
贾芳,贾琛,2
贾芳,贾琼,2
贾芳,贾蔷,2
贾芳,贾菖,1
贾芳,贾菱,1
贾芳,贾芸,1
贾芳,贾芹,1
贾芳,贾蓁,1
贾芳,贾萍,1
贾芳,贾藻,1
贾芳,贾蘅,1
贾芳,贾芬,1
贾芳,贾兰,1
贾芳,贾菌,1
贾芳,贾芝,1
贾芳,秦业,1
贾芳,秦钟,1
贾芳,贾敬,1
贾芝,宝玉,5
贾芝,袭人,2
贾芝,贾母,4
贾芝,尤氏,3
贾芝,贾珍,5
贾芝,贾敕,1
贾芝,贾效,1
贾芝,贾敦,1
贾芝,贾赦,9
贾芝,贾政,10
贾芝,贾琮,1
贾芝,贾珩,1
贾芝,贾琛,2
贾芝,贾琼,2
贾芝,贾蔷,3
贾芝,贾菖,1
贾芝,贾菱,1
贾芝,贾芸,1
贾芝,贾芹,1
贾芝,贾蓁,1
贾芝,贾萍,1
贾芝,贾藻,1
贾芝,贾蘅,1
贾芝,贾芬,1
贾芝,贾芳,1
贾芝,贾兰,2
贾芝,贾菌,1
贾芝,秦业,1
贾芝,秦钟,1
贾芝,贾敬,1
贾芝,赖大,1
贾芝,贾琏,3
贾芝,贾蓉,1
贾芝,贾环,1
瑞珠,薛蟠,1
瑞珠,贾珍,5
瑞珠,宝珠,3
宝珠,薛蟠,3
宝珠,贾珍,17
宝珠,瑞珠,3
宝珠,尤氏,1
宝珠,凤姐,14
宝珠,宝玉,12
宝珠,净虚,3
宝珠,贾蓉,1
宝珠,秦钟,8
宝珠,秦业,1
宝珠,智善,2
宝珠,智能,8
戴权,贾珍,32
戴权,贾蓉,8
来旺,凤姐,17
来旺,平儿,2
来旺,丰儿,1
来旺,宝玉,5
来旺,晴雯,3
来旺,袭人,2
来旺,麝月,2
来旺,贾母,3
昭儿,秦钟,4
昭儿,凤姐,44
昭儿,宝玉,28
昭儿,贾琏,4
昭儿,平儿,4
王仁,凤姐,84
王仁,李纨,6
王仁,李纹,1
王仁,李绮,1
王仁,薛蟠,1
王仁,薛蝌,1
王仁,宝钗,21
王仁,黛玉,4
王仁,宝玉,43
王仁,贾母,2
王仁,袭人,4
王仁,紫鹃,2
王仁,贾琏,85
王仁,平儿,34
王仁,赖大,8
王仁,贾政,9
王仁,贾芸,39
王仁,丰儿,1
王仁,小红,1
王仁,喜鸾,2
王仁,贾蔷,42
王仁,贾环,30
王仁,贾兰,1
王仁,门子,1
柳彪,柳芳,1
柳彪,陈翼,1
柳彪,马魁,1
柳彪,谢鲸,1
柳彪,裘良,1
柳芳,柳彪,1
柳芳,陈翼,1
柳芳,马魁,1
柳芳,谢鲸,1
柳芳,裘良,1
陈翼,柳彪,1
陈翼,柳芳,1
陈翼,马魁,1
陈翼,谢鲸,1
陈翼,裘良,1
马魁,柳彪,1
马魁,柳芳,1
马魁,陈翼,1
马魁,谢鲸,1
马魁,裘良,1
谢鲸,柳彪,1
谢鲸,柳芳,1
谢鲸,陈翼,1
谢鲸,马魁,1
谢鲸,裘良,1
裘良,柳彪,1
裘良,柳芳,1
裘良,陈翼,1
裘良,马魁,1
裘良,谢鲸,1
水溶,贾珍,9
水溶,贾赦,10
水溶,贾政,8
水溶,宝玉,42
净虚,宝珠,3
净虚,贾珍,4
净虚,凤姐,34
净虚,宝玉,41
净虚,贾蓉,3
净虚,秦钟,25
净虚,秦业,3
净虚,智善,6
净虚,智能,22
净虚,贾母,1
智善,宝珠,2
智善,贾珍,2
智善,凤姐,20
智善,宝玉,24
智善,净虚,6
智善,贾蓉,2
智善,秦钟,16
智善,秦业,2
智善,智能,14
金哥,凤姐,8
金哥,云光,1
云光,凤姐,3
云光,贾琏,1
云光,金哥,1
赖大,贾母,49
赖大,尤氏,14
赖大,李纨,3
赖大,凤姐,46
赖大,贾赦,28
赖大,贾珍,15
赖大,贾蓉,9
赖大,贾蔷,7
赖大,贾政,40
赖大,贾琏,179
赖大,詹光,3
赖大,宝玉,33
赖大,贾环,3
赖大,鸳鸯,17
赖大,薛蟠,2
赖大,小螺,2
赖大,紫鹃,1
赖大,黛玉,5
赖大,李贵,3
赖大,佩凤,2
赖大,宝钗,4
赖大,喜鸾,4
赖大,贾琼,1
赖大,琥珀,10
赖大,玻璃,1
赖大,平儿,21
赖大,贾芹,139
赖大,芳官,12
赖大,贾芝,1
赖大,贾兰,1
赖大,戴良,1
赖大,周瑞,3
赖大,王仁,8
赖大,秋纹,1
引泉,宝玉,9
引泉,贾政,5
引泉,翠缕,1
引泉,凤姐,2
引泉,贾芸,7
引泉,丰儿,1
引泉,平儿,1
引泉,贾母,2
引泉,绮霰,1
引泉,焙茗,2
引泉,锄药,1
引泉,扫花,1
引泉,伴鹤,1
翠缕,引泉,1
翠缕,宝玉,177
翠缕,贾政,4
翠缕,袭人,152
翠缕,黛玉,58
翠缕,紫鹃,44
翠缕,雪雁,23
翠缕,珍珠,2
翠缕,贾母,29
翠缕,凤姐,44
翠缕,鸳鸯,5
翠缕,琥珀,3
翠缕,平儿,10
翠缕,素云,1
翠缕,彩霞,1
翠缕,玉钏,1
翠缕,麝月,1
翠缕,翠墨,28
翠缕,金钏,1
翠缕,茜雪,1
翠缕,小螺,1
翠缕,入画,1
翠缕,篆儿,1
翠缕,绣鸾,1
翠缕,李纨,1
翠缕,宝钗,3
翠缕,妙玉,6
妙玉,贾蔷,6
妙玉,贾母,114
妙玉,宝玉,527
妙玉,宝钗,120
妙玉,黛玉,115
妙玉,李纨,23
妙玉,香菱,3
妙玉,李纹,1
妙玉,李绮,1
妙玉,玻璃,1
妙玉,云儿,1
妙玉,袭人,22
妙玉,晴雯,3
妙玉,四儿,1
妙玉,紫鹃,10
妙玉,翠缕,6
妙玉,彩屏,40
妙玉,麝月,10
妙玉,凤姐,21
妙玉,鸳鸯,9
妙玉,贾政,11
妙玉,平儿,10
妙玉,门子,1
妙玉,尤氏,6
妙玉,贾蓉,1
妙玉,贾琏,7
妙玉,秋桐,1
妙玉,贾芸,4
妙玉,贾环,4
绣凤,贾赦,1
绣凤,贾母,3
绣凤,昭容,1
绣凤,宝玉,5
绣凤,贾政,3
绣凤,彩云,2
绣凤,彩霞,1
绣凤,绣鸾,1
绣凤,金钏,2
绣凤,贾环,2
昭容,贾赦,6
昭容,贾母,9
昭容,绣凤,1
昭容,贾政,4
昭容,李纨,1
昭容,宝钗,1
昭容,黛玉,1
昭容,抱琴,1
昭容,宝玉,4
抱琴,贾母,6
抱琴,李纨,1
抱琴,宝钗,1
抱琴,黛玉,1
抱琴,昭容,1
抱琴,贾赦,1
抱琴,贾政,2
抱琴,宝玉,4
贾环,贾政,77
贾环,宝玉,289
贾环,贾兰,53
贾环,贾母,78
贾环,贾敬,1
贾环,贾赦,32
贾环,宝钗,77
贾环,黛玉,17
贾环,尤氏,10
贾环,李纨,22
贾环,凤姐,77
贾环,贾珍,25
贾环,贾琏,23
贾环,贾蓉,10
贾环,麝月,41
贾环,晴雯,16
贾环,袭人,47
贾环,香菱,10
贾环,莺儿,59
贾环,丰儿,7
贾环,彩云,78
贾环,彩霞,29
贾环,绣鸾,2
贾环,绣凤,2
贾环,金钏,4
贾环,贾珠,1
贾环,贾琮,5
贾环,平儿,43
贾环,赖大,3
贾环,焙茗,3
贾环,薛蟠,6
贾环,秦钟,1
贾环,琥珀,4
贾环,李纹,1
贾环,李绮,1
贾环,玻璃,2
贾环,贾芹,1
贾环,贾芸,91
贾环,贾菱,1
贾环,贾菖,1
贾环,春燕,3
贾环,芳官,9
贾环,蕊官,2
贾环,藕官,1
贾环,钱槐,2
贾环,司棋,4
贾环,王信,1
贾环,鸳鸯,7
贾环,小霞,5
贾环,佩凤,2
贾环,文花,1
贾环,小红,4
贾环,墨雨,2
贾环,素云,1
贾环,紫鹃,3
贾环,雪雁,2
贾环,贾蔷,40
贾环,贾芝,1
贾环,王仁,30
贾环,妙玉,4
贾环,门子,4
贾环,李贵,2
贾环,薛蝌,1
龄官,贾蔷,79
龄官,宝钗,1
龄官,宝玉,92
龄官,宝官,18
龄官,玉官,6
秋纹,宝玉,509
秋纹,袭人,243
秋纹,晴雯,109
秋纹,贾母,77
秋纹,黛玉,120
秋纹,绮霰,1
秋纹,鸳鸯,4
秋纹,琥珀,2
秋纹,麝月,157
秋纹,贾芸,16
秋纹,檀云,3
秋纹,焙茗,14
秋纹,小红,9
秋纹,凤姐,26
秋纹,彩云,2
秋纹,玻璃,1
秋纹,玉钏,3
秋纹,莺儿,17
秋纹,宝钗,53
秋纹,平儿,32
秋纹,坠儿,2
秋纹,云儿,1
秋纹,四儿,4
秋纹,芳官,12
秋纹,贾珍,1
秋纹,茗烟,1
秋纹,贾琏,6
秋纹,紫鹃,83
秋纹,司棋,2
秋纹,香菱,1
秋纹,雪雁,5
秋纹,贾政,5
秋纹,珍珠,6
秋纹,赖大,1
秋纹,李纨,3
秋纹,彩屏,1
绮霰,宝玉,10
绮霰,袭人,4
绮霰,贾母,4
绮霰,晴雯,4
绮霰,秋纹,1
绮霰,鸳鸯,1
绮霰,琥珀,1
绮霰,麝月,4
绮霰,凤姐,4
绮霰,贾芸,14
绮霰,丰儿,1
绮霰,平儿,1
绮霰,焙茗,2
绮霰,锄药,1
绮霰,引泉,1
绮霰,扫花,1
绮霰,伴鹤,1
绮霰,倪二,2
绮霰,方椿,1
绮霰,佳蕙,2
绮霰,司棋,2
绮霰,宝钗,1
绮霰,待书,1
绮霰,入画,1
绮霰,莺儿,1
云儿,宝玉,30
云儿,黛玉,9
云儿,宝钗,4
云儿,李纨,5
云儿,凤姐,2
云儿,贾母,8
云儿,焙茗,14
云儿,锄药,2
云儿,双瑞,2
云儿,双寿,2
云儿,薛蟠,32
云儿,袭人,3
云儿,妙玉,1
云儿,小螺,2
云儿,麝月,1
云儿,秋纹,1
云儿,鸳鸯,1
云儿,琥珀,1
四儿,宝玉,159
四儿,袭人,71
四儿,麝月,9
四儿,薛蟠,5
四儿,冯唐,1
四儿,晴雯,58
四儿,秋纹,4
四儿,平儿,2
四儿,芳官,21
四儿,妙玉,1
四儿,宝钗,1
四儿,黛玉,3
四儿,贾珍,1
四儿,茗烟,1
四儿,司棋,10
四儿,入画,2
四儿,贾母,3
四儿,贾琏,1
四儿,贾政,2
多官,贾琏,6
文官,贾珍,2
文官,贾蔷,1
文官,贾菖,1
文官,贾菱,1
文官,宝钗,7
文官,李纨,3
文官,凤姐,9
文官,香菱,2
文官,宝玉,13
文官,黛玉,2
文官,坠儿,3
文官,司棋,1
文官,待书,1
文官,宝官,1
文官,玉官,1
文官,袭人,13
文官,鸳鸯,7
文官,贾母,28
文官,板儿,4
文官,芳官,6
文官,葵官,6
文官,贾蓉,1
文官,尤氏,6
文官,娄氏,1
文官,蕊官,1
文官,藕官,1
文官,豆官,1
文官,艾官,1
文官,茄官,1
文官,贾芸,2
文官,周瑞,1
周氏,贾芹,3
周氏,贾政,4
周氏,凤姐,4
周氏,贾琏,6
彩云,宝玉,144
彩云,贾政,32
彩云,彩霞,7
彩云,绣鸾,2
彩云,绣凤,2
彩云,金钏,6
彩云,贾环,78
彩云,贾母,94
彩云,宝钗,23
彩云,黛玉,16
彩云,鸳鸯,47
彩云,琥珀,8
彩云,珍珠,1
彩云,紫鹃,2
彩云,雪雁,1
彩云,春纤,1
彩云,莺儿,6
彩云,文杏,1
彩云,司棋,30
彩云,待书,1
彩云,翠墨,1
彩云,入画,1
彩云,彩屏,1
彩云,同喜,1
彩云,同贵,1
彩云,香菱,10
彩云,臻儿,1
彩云,素云,1
彩云,平儿,132
彩云,丰儿,3
彩云,小红,1
彩云,贾珍,1
彩云,凤姐,58
彩云,袭人,84
彩云,晴雯,12
彩云,麝月,2
彩云,檀云,2
彩云,秋纹,2
彩云,玻璃,3
彩云,李纨,14
彩云,尤氏,12
彩云,翡翠,1
彩云,玉钏,9
彩云,芳官,70
彩云,小螺,3
彩云,贾琏,21
彩云,王信,1
彩云,青儿,5
彩云,贾蔷,2
彩云,贾兰,10
彩云,李贵,2
彩云,薛蝌,1
彩云,贾赦,1
彩霞,宝玉,43
彩霞,贾政,5
彩霞,彩云,7
彩霞,绣鸾,1
彩霞,绣凤,1
彩霞,金钏,3
彩霞,贾环,29
彩霞,贾母,20
彩霞,宝钗,5
彩霞,凤姐,73
彩霞,黛玉,4
彩霞,李纨,8
彩霞,鸳鸯,34
彩霞,琥珀,14
彩霞,平儿,19
彩霞,袭人,3
彩霞,尤氏,1
彩霞,素云,1
彩霞,紫鹃,1
彩霞,玉钏,2
彩霞,麝月,1
彩霞,翠墨,1
彩霞,翠缕,1
彩霞,茜雪,1
彩霞,翡翠,1
彩霞,玻璃,1
彩霞,贾琏,44
彩霞,小霞,2
绣鸾,宝玉,17
绣鸾,贾政,3
绣鸾,彩云,2
绣鸾,彩霞,1
绣鸾,绣凤,1
绣鸾,金钏,2
绣鸾,贾环,2
绣鸾,袭人,8
绣鸾,翠墨,1
绣鸾,小螺,1
绣鸾,翠缕,1
绣鸾,入画,1
绣鸾,篆儿,1
绣鸾,平儿,9
绣鸾,李纨,1
绣鸾,宝钗,1
绣鸾,黛玉,1
檀云,麝月,10
檀云,宝玉,10
檀云,贾芸,1
檀云,贾母,2
檀云,袭人,10
檀云,秋纹,3
檀云,晴雯,7
檀云,彩云,2
檀云,玻璃,1
檀云,鸳鸯,1
银姐,贾芸,8
银姐,倪二,5
倪二,贾芸,107
倪二,银姐,5
倪二,绮霰,2
倪二,宝玉,6
倪二,凤姐,4
倪二,方椿,2
倪二,周瑞,2
焙茗,凤姐,20
焙茗,贾芸,37
焙茗,丰儿,2
焙茗,平儿,3
焙茗,贾母,28
焙茗,宝玉,319
焙茗,绮霰,2
焙茗,锄药,10
焙茗,引泉,2
焙茗,扫花,2
焙茗,伴鹤,2
焙茗,秋纹,14
焙茗,小红,3
焙茗,紫鹃,10
焙茗,袭人,88
焙茗,黛玉,5
焙茗,薛蟠,37
焙茗,詹光,3
焙茗,双瑞,7
焙茗,双寿,7
焙茗,云儿,14
焙茗,贾政,30
焙茗,贾环,3
焙茗,香菱,3
焙茗,金钏,3
焙茗,宝钗,44
焙茗,秦钟,2
焙茗,李贵,1
焙茗,麝月,5
焙茗,墨雨,2
焙茗,晴雯,11
焙茗,贾赦,6
焙茗,李纨,6
扫花,凤姐,2
扫花,贾芸,7
扫花,丰儿,1
扫花,平儿,1
扫花,贾母,2
扫花,宝玉,4
扫花,绮霰,1
扫花,焙茗,2
扫花,锄药,1
扫花,引泉,1
扫花,伴鹤,1
扫花,翠墨,1
伴鹤,凤姐,2
伴鹤,贾芸,7
伴鹤,丰儿,1
伴鹤,平儿,1
伴鹤,贾母,2
伴鹤,宝玉,6
伴鹤,绮霰,1
伴鹤,焙茗,2
伴鹤,锄药,2
伴鹤,引泉,1
伴鹤,扫花,1
伴鹤,李贵,3
伴鹤,王荣,2
伴鹤,钱启,4
伴鹤,周瑞,4
伴鹤,茗烟,1
方椿,贾芸,7
方椿,绮霰,1
方椿,宝玉,2
方椿,凤姐,1
方椿,倪二,2
小红,宝玉,28
小红,焙茗,3
小红,秋纹,9
小红,凤姐,92
小红,贾芸,136
小红,坠儿,16
小红,贾母,14
小红,宝钗,12
小红,黛玉,11
小红,鸳鸯,5
小红,琥珀,2
小红,珍珠,1
小红,紫鹃,26
小红,雪雁,24
小红,春纤,1
小红,莺儿,4
小红,文杏,1
小红,司棋,1
小红,待书,1
小红,翠墨,1
小红,入画,1
小红,彩屏,1
小红,同喜,1
小红,同贵,1
小红,香菱,2
小红,臻儿,1
小红,素云,1
小红,平儿,33
小红,丰儿,17
小红,金钏,1
小红,彩云,1
小红,贾珍,1
小红,贾环,4
小红,秋桐,3
小红,晴雯,8
小红,贾琏,24
小红,贾蓉,2
小红,麝月,2
小红,袭人,4
小红,贾政,1
小红,青儿,4
小红,王仁,1
小红,喜鸾,2
佳蕙,宝玉,38
佳蕙,贾芸,6
佳蕙,袭人,20
佳蕙,晴雯,13
佳蕙,绮霰,2
佳蕙,黛玉,2
佳蕙,麝月,6
佳蕙,鸳鸯,2
佳蕙,宝钗,2
佳蕙,贾母,1
佳蕙,平儿,1
佳蕙,凤姐,11
坠儿,贾芸,63
坠儿,宝玉,57
坠儿,小红,16
坠儿,宝钗,16
坠儿,文官,3
坠儿,香菱,3
坠儿,司棋,3
坠儿,待书,3
坠儿,袭人,27
坠儿,莺儿,12
坠儿,麝月,23
坠儿,平儿,13
坠儿,良儿,1
坠儿,晴雯,63
坠儿,篆儿,5
坠儿,秋纹,2
坠儿,李纨,1
坠儿,芳官,12
冯唐,宝玉,6
冯唐,薛蟠,5
冯唐,四儿,1
双瑞,宝玉,4
双瑞,焙茗,7
双瑞,锄药,1
双瑞,双寿,1
双瑞,薛蟠,1
双瑞,云儿,2
双寿,宝玉,4
双寿,焙茗,7
双寿,锄药,1
双寿,双瑞,1
双寿,薛蟠,1
双寿,云儿,2
春纤,贾母,11
春纤,宝钗,3
春纤,黛玉,4
春纤,鸳鸯,2
春纤,琥珀,1
春纤,珍珠,1
春纤,紫鹃,1
春纤,雪雁,1
春纤,莺儿,1
春纤,文杏,1
春纤,司棋,1
春纤,待书,1
春纤,翠墨,1
春纤,入画,1
春纤,彩屏,1
春纤,同喜,1
春纤,同贵,1
春纤,香菱,2
春纤,臻儿,1
春纤,素云,1
春纤,平儿,1
春纤,丰儿,1
春纤,小红,1
春纤,金钏,1
春纤,彩云,1
春纤,宝玉,1
春纤,贾珍,1
春纤,凤姐,1
春纤,晴雯,7
文杏,贾母,11
文杏,宝钗,6
文杏,黛玉,1
文杏,鸳鸯,2
文杏,琥珀,1
文杏,珍珠,1
文杏,紫鹃,1
文杏,雪雁,1
文杏,春纤,1
文杏,莺儿,2
文杏,司棋,1
文杏,待书,1
文杏,翠墨,1
文杏,入画,1
文杏,彩屏,1
文杏,同喜,1
文杏,同贵,1
文杏,香菱,5
文杏,臻儿,2
文杏,素云,1
文杏,平儿,1
文杏,丰儿,1
文杏,小红,1
文杏,金钏,1
文杏,彩云,1
文杏,宝玉,1
文杏,贾珍,1
文杏,凤姐,1
文杏,薛蟠,1
翠墨,贾母,18
翠墨,宝钗,16
翠墨,黛玉,39
翠墨,鸳鸯,7
翠墨,琥珀,4
翠墨,珍珠,1
翠墨,紫鹃,16
翠墨,雪雁,23
翠墨,春纤,1
翠墨,莺儿,2
翠墨,文杏,1
翠墨,司棋,2
翠墨,待书,2
翠墨,入画,3
翠墨,彩屏,1
翠墨,同喜,1
翠墨,同贵,1
翠墨,香菱,3
翠墨,臻儿,1
翠墨,素云,2
翠墨,平儿,11
翠墨,丰儿,1
翠墨,小红,1
翠墨,金钏,2
翠墨,彩云,1
翠墨,宝玉,59
翠墨,贾珍,1
翠墨,凤姐,3
翠墨,贾政,2
翠墨,扫花,1
翠墨,袭人,28
翠墨,尤氏,2
翠墨,李纨,11
翠墨,彩霞,1
翠墨,玉钏,1
翠墨,麝月,2
翠墨,翠缕,28
翠墨,茜雪,1
翠墨,艾官,4
翠墨,蝉姐,2
翠墨,小螺,1
翠墨,篆儿,1
翠墨,绣鸾,1
翠墨,晴雯,3
彩屏,贾母,16
彩屏,宝钗,8
彩屏,黛玉,3
彩屏,鸳鸯,26
彩屏,琥珀,1
彩屏,珍珠,1
彩屏,紫鹃,13
彩屏,雪雁,1
彩屏,春纤,1
彩屏,莺儿,1
彩屏,文杏,1
彩屏,司棋,1
彩屏,待书,1
彩屏,翠墨,1
彩屏,入画,1
彩屏,同喜,1
彩屏,同贵,1
彩屏,香菱,2
彩屏,臻儿,1
彩屏,素云,1
彩屏,平儿,4
彩屏,丰儿,1
彩屏,小红,1
彩屏,金钏,1
彩屏,彩云,1
彩屏,宝玉,25
彩屏,贾珍,3
彩屏,凤姐,5
彩屏,贾敬,4
彩屏,贾赦,1
彩屏,贾菖,1
彩屏,贾菱,1
彩屏,贾蓉,4
彩屏,尤氏,16
彩屏,贾芹,1
彩屏,妙玉,40
彩屏,贾芸,2
彩屏,周瑞,1
彩屏,门子,4
彩屏,李纨,5
彩屏,袭人,7
彩屏,秋纹,1
同喜,贾母,12
同喜,宝钗,4
同喜,黛玉,1
同喜,鸳鸯,2
同喜,琥珀,1
同喜,珍珠,1
同喜,紫鹃,1
同喜,雪雁,1
同喜,春纤,1
同喜,莺儿,2
同喜,文杏,1
同喜,司棋,1
同喜,待书,1
同喜,翠墨,1
同喜,入画,1
同喜,彩屏,1
同喜,同贵,1
同喜,香菱,2
同喜,臻儿,1
同喜,素云,1
同喜,平儿,1
同喜,丰儿,1
同喜,小红,1
同喜,金钏,1
同喜,彩云,1
同喜,宝玉,1
同喜,贾珍,1
同喜,凤姐,2
同喜,薛蟠,5
同贵,贾母,11
同贵,宝钗,5
同贵,黛玉,1
同贵,鸳鸯,2
同贵,琥珀,1
同贵,珍珠,1
同贵,紫鹃,1
同贵,雪雁,1
同贵,春纤,1
同贵,莺儿,1
同贵,文杏,1
同贵,司棋,1
同贵,待书,1
同贵,翠墨,1
同贵,入画,1
同贵,彩屏,1
同贵,同喜,1
同贵,香菱,2
同贵,臻儿,1
同贵,素云,1
同贵,平儿,1
同贵,丰儿,1
同贵,小红,1
同贵,金钏,1
同贵,彩云,1
同贵,宝玉,1
同贵,贾珍,1
同贵,凤姐,1
同贵,薛蟠,2
臻儿,贾母,11
臻儿,宝钗,6
臻儿,黛玉,1
臻儿,鸳鸯,2
臻儿,琥珀,1
臻儿,珍珠,1
臻儿,紫鹃,1
臻儿,雪雁,1
臻儿,春纤,1
臻儿,莺儿,2
臻儿,文杏,2
臻儿,司棋,1
臻儿,待书,1
臻儿,翠墨,1
臻儿,入画,1
臻儿,彩屏,1
臻儿,同喜,1
臻儿,同贵,1
臻儿,香菱,11
臻儿,素云,1
臻儿,平儿,1
臻儿,丰儿,1
臻儿,小红,1
臻儿,金钏,1
臻儿,彩云,1
臻儿,宝玉,7
臻儿,贾珍,1
臻儿,凤姐,1
臻儿,薛蟠,1
素云,贾母,23
素云,宝钗,14
素云,黛玉,9
素云,鸳鸯,20
素云,琥珀,5
素云,珍珠,1
素云,紫鹃,2
素云,雪雁,1
素云,春纤,1
素云,莺儿,2
素云,文杏,1
素云,司棋,1
素云,待书,4
素云,翠墨,2
素云,入画,1
素云,彩屏,1
素云,同喜,1
素云,同贵,1
素云,香菱,3
素云,臻儿,1
素云,平儿,6
素云,丰儿,3
素云,小红,1
素云,金钏,2
素云,彩云,1
素云,宝玉,19
素云,贾珍,1
素云,凤姐,5
素云,李纨,35
素云,板儿,2
素云,翡翠,1
素云,袭人,4
素云,彩霞,1
素云,玉钏,1
素云,麝月,5
素云,翠缕,1
素云,茜雪,1
素云,晴雯,1
素云,芳官,1
素云,蕊官,1
素云,藕官,1
素云,尤氏,31
素云,李纹,8
素云,李绮,3
素云,贾兰,4
素云,贾环,1
靛儿,贾母,2
靛儿,宝玉,13
靛儿,宝钗,9
靛儿,凤姐,1
宝官,文官,1
宝官,玉官,5
宝官,袭人,6
宝官,鸳鸯,1
宝官,宝玉,29
宝官,龄官,18
玉官,文官,1
玉官,宝官,5
玉官,袭人,6
玉官,鸳鸯,1
玉官,宝玉,13
玉官,龄官,6
缕儿,宝玉,5
缕儿,袭人,8
缕儿,宝钗,1
玉钏,贾母,6
玉钏,宝玉,30
玉钏,凤姐,16
玉钏,莺儿,33
玉钏,宝钗,3
玉钏,袭人,18
玉钏,麝月,4
玉钏,秋纹,3
玉钏,傅试,6
玉钏,贾政,2
玉钏,晴雯,2
玉钏,鸳鸯,14
玉钏,琥珀,4
玉钏,平儿,16
玉钏,素云,1
玉钏,紫鹃,1
玉钏,彩霞,2
玉钏,翠墨,1
玉钏,翠缕,1
玉钏,金钏,1
玉钏,茜雪,1
玉钏,翡翠,1
玉钏,玻璃,1
玉钏,彩云,9
玉钏,芳官,10
玉钏,司棋,2
玉钏,贾琏,4
傅试,宝玉,50
傅试,贾政,12
傅试,玉钏,6
傅试,晴雯,6
傅试,紫鹃,3
傅试,黛玉,1
傅试,贾母,2
傅试,鸳鸯,7
住儿,平儿,5
住儿,凤姐,1
住儿,司棋,1
茗玉,宝玉,21
金彩,鸳鸯,3
金彩,凤姐,2
金彩,袭人,3
金彩,平儿,2
金彩,丰儿,1
金彩,贾赦,8
金彩,贾琏,10
嫣红,贾赦,1
嫣红,贾母,1
嫣红,贾琏,1
嫣红,凤姐,8
嫣红,平儿,3
嫣红,翠云,1
嫣红,佩凤,1
杏奴,薛蟠,4
薛蝌,李纨,7
薛蝌,凤姐,5
薛蝌,王仁,1
薛蝌,李纹,1
薛蝌,李绮,1
薛蝌,薛蟠,65
薛蝌,宝钗,109
薛蝌,黛玉,4
薛蝌,宝玉,36
薛蝌,贾母,43
薛蝌,邢忠,2
薛蝌,尤氏,9
薛蝌,李贵,3
薛蝌,贾政,30
薛蝌,晴雯,1
薛蝌,麝月,1
薛蝌,袭人,7
薛蝌,香菱,94
薛蝌,宝蟾,318
薛蝌,焦大,12
薛蝌,鸳鸯,2
薛蝌,贾兰,10
薛蝌,彩云,1
薛蝌,贾蔷,1
薛蝌,贾环,1
李纹,凤姐,12
李纹,王仁,1
李纹,李纨,21
李纹,李绮,32
李纹,薛蟠,1
李纹,薛蝌,1
李纹,宝钗,13
李纹,黛玉,26
李纹,宝玉,159
李纹,贾母,46
李纹,香菱,1
李纹,玻璃,3
李纹,妙玉,1
李纹,琥珀,1
李纹,尤氏,1
李纹,贾珍,1
李纹,贾琏,1
李纹,贾环,1
李纹,贾琮,1
李纹,贾蓉,1
李纹,贾芹,1
李纹,贾芸,1
李纹,贾菱,1
李纹,贾菖,1
李纹,素云,8
李纹,麝月,24
李纹,雪雁,1
李纹,鸳鸯,50
李纹,莺儿,2
李纹,袭人,2
李绮,凤姐,8
李绮,王仁,1
李绮,李纨,27
李绮,李纹,32
李绮,薛蟠,1
李绮,薛蝌,1
李绮,宝钗,8
李绮,黛玉,22
李绮,宝玉,75
李绮,贾母,27
李绮,香菱,1
李绮,玻璃,3
李绮,妙玉,1
李绮,琥珀,1
李绮,尤氏,1
李绮,贾珍,1
李绮,贾琏,1
李绮,贾环,1
李绮,贾琮,1
李绮,贾蓉,1
李绮,贾芹,1
李绮,贾芸,1
李绮,贾菱,1
李绮,贾菖,1
李绮,素云,3
李绮,麝月,9
李绮,雪雁,1
李绮,鸳鸯,25
李绮,莺儿,1
李绮,袭人,1
李绮,贾兰,5
李绮,贾政,1
史鼐,宝钗,1
良儿,麝月,2
良儿,平儿,2
良儿,坠儿,1
良儿,宝玉,2
良儿,袭人,2
良儿,晴雯,1
小螺,宝玉,49
小螺,紫鹃,3
小螺,黛玉,23
小螺,赖大,2
小螺,宝钗,7
小螺,云儿,2
小螺,袭人,18
小螺,翠墨,1
小螺,翠缕,1
小螺,入画,1
小螺,篆儿,1
小螺,绣鸾,1
小螺,平儿,14
小螺,李纨,1
小螺,尤氏,3
小螺,鸳鸯,3
小螺,香菱,28
小螺,彩云,3
小螺,莺儿,2
小螺,晴雯,2
小螺,司棋,1
小螺,芳官,1
小螺,蕊官,2
小螺,藕官,1
王荣,宝玉,10
王荣,李贵,6
王荣,钱启,8
王荣,周瑞,8
王荣,茗烟,2
王荣,伴鹤,2
王荣,锄药,2
钱启,宝玉,20
钱启,李贵,12
钱启,王荣,8
钱启,周瑞,16
钱启,茗烟,4
钱启,伴鹤,4
钱启,锄药,4
篆儿,晴雯,8
篆儿,麝月,3
篆儿,坠儿,5
篆儿,袭人,9
篆儿,莺儿,2
篆儿,黛玉,4
篆儿,平儿,10
篆儿,宝玉,12
篆儿,翠墨,1
篆儿,小螺,1
篆儿,翠缕,1
篆儿,入画,1
篆儿,绣鸾,1
篆儿,李纨,1
篆儿,宝钗,1
兴儿,贾珍,1
兴儿,尤氏,2
兴儿,贾母,1
兴儿,贾琏,36
兴儿,隆儿,16
兴儿,平儿,92
兴儿,黛玉,12
兴儿,宝钗,12
兴儿,宝玉,4
兴儿,袭人,4
兴儿,凤姐,806
兴儿,俞禄,34
兴儿,张华,34
贾演,贾蓉,3
贾演,贾珍,1
贾演,贾源,1
娄氏,贾母,12
娄氏,凤姐,3
娄氏,贾菌,3
娄氏,贾芹,1
娄氏,贾芸,1
娄氏,贾菖,1
娄氏,贾菱,1
娄氏,黛玉,1
娄氏,宝玉,1
娄氏,宝钗,1
娄氏,贾兰,1
娄氏,贾蓉,1
娄氏,文官,1
娄氏,尤氏,2
娄氏,李纨,1
芳官,文官,6
芳官,葵官,12
芳官,贾母,15
芳官,尤氏,9
芳官,宝玉,716
芳官,蕊官,24
芳官,宝钗,26
芳官,藕官,28
芳官,黛玉,77
芳官,豆官,7
芳官,艾官,1
芳官,茄官,1
芳官,香菱,28
芳官,袭人,419
芳官,晴雯,247
芳官,麝月,67
芳官,坠儿,12
芳官,莺儿,11
芳官,春燕,30
芳官,贾环,9
芳官,平儿,178
芳官,司棋,54
芳官,李纨,7
芳官,待书,3
芳官,凤姐,9
芳官,彩云,70
芳官,玉钏,10
芳官,素云,1
芳官,小螺,1
芳官,秋纹,12
芳官,四儿,21
芳官,茗烟,16
芳官,小童,2
芳官,佩凤,4
芳官,玻璃,6
芳官,贾珍,10
芳官,入画,2
芳官,贾琏,1
芳官,贾政,6
芳官,智通,8
芳官,拐子,4
芳官,紫鹃,8
芳官,雪雁,7
芳官,贾芹,24
芳官,赖大,12
葵官,文官,6
葵官,芳官,12
葵官,贾母,3
葵官,尤氏,10
葵官,宝玉,7
葵官,蕊官,1
葵官,宝钗,1
葵官,藕官,1
葵官,黛玉,1
葵官,豆官,7
葵官,艾官,1
葵官,茄官,1
葵官,晴雯,2
葵官,袭人,2
葵官,李纨,3
葵官,小童,3
葵官,平儿,3
葵官,佩凤,6
葵官,香菱,6
葵官,玻璃,9
祝妈,宝钗,2
祝妈,田妈,1
祝妈,李纨,2
祝妈,莺儿,4
祝妈,茗烟,1
祝妈,叶妈,3
祝妈,平儿,2
祝妈,宝玉,3
祝妈,雪雁,4
祝妈,黛玉,1
祝妈,袭人,6
祝妈,凤姐,1
田妈,宝钗,2
田妈,祝妈,1
田妈,李纨,2
田妈,莺儿,4
田妈,茗烟,1
田妈,叶妈,3
田妈,平儿,2
叶妈,宝钗,6
叶妈,祝妈,3
叶妈,田妈,3
叶妈,李纨,6
叶妈,莺儿,12
叶妈,茗烟,3
叶妈,平儿,6
邢忠,薛蟠,1
邢忠,薛蝌,2
邢忠,贾母,6
邢忠,尤氏,3
蕊官,尤氏,5
蕊官,贾母,1
蕊官,文官,1
蕊官,芳官,24
蕊官,宝玉,40
蕊官,宝钗,7
蕊官,藕官,14
蕊官,黛玉,5
蕊官,葵官,1
蕊官,豆官,1
蕊官,艾官,1
蕊官,茄官,1
蕊官,莺儿,21
蕊官,紫鹃,4
蕊官,春燕,14
蕊官,贾环,2
蕊官,袭人,15
蕊官,香菱,41
蕊官,待书,1
蕊官,素云,1
蕊官,晴雯,1
蕊官,麝月,1
蕊官,平儿,3
蕊官,小螺,2
藕官,尤氏,5
藕官,贾母,1
藕官,文官,1
藕官,芳官,28
藕官,宝玉,143
藕官,蕊官,14
藕官,宝钗,5
藕官,黛玉,3
藕官,葵官,1
藕官,豆官,1
藕官,艾官,2
藕官,茄官,1
藕官,莺儿,23
藕官,紫鹃,4
藕官,春燕,17
藕官,袭人,12
藕官,晴雯,5
藕官,麝月,4
藕官,贾环,1
藕官,香菱,21
藕官,待书,1
藕官,素云,1
藕官,平儿,2
藕官,小螺,1
豆官,尤氏,4
豆官,贾母,1
豆官,文官,1
豆官,芳官,7
豆官,宝玉,1
豆官,蕊官,1
豆官,宝钗,1
豆官,藕官,1
豆官,黛玉,1
豆官,葵官,7
豆官,艾官,1
豆官,茄官,1
豆官,晴雯,3
豆官,袭人,3
艾官,尤氏,4
艾官,贾母,1
艾官,文官,1
艾官,芳官,1
艾官,宝玉,3
艾官,蕊官,1
艾官,宝钗,1
艾官,藕官,2
艾官,黛玉,1
艾官,葵官,1
艾官,豆官,1
艾官,茄官,1
艾官,翠墨,4
艾官,蝉姐,2
茄官,尤氏,4
茄官,贾母,1
茄官,文官,1
茄官,芳官,1
茄官,宝玉,1
茄官,蕊官,1
茄官,宝钗,1
茄官,藕官,1
茄官,黛玉,1
茄官,葵官,1
茄官,豆官,1
茄官,艾官,1
春燕,莺儿,76
春燕,宝玉,63
春燕,藕官,17
春燕,芳官,30
春燕,袭人,31
春燕,晴雯,9
春燕,麝月,21
春燕,黛玉,10
春燕,平儿,13
春燕,宝钗,4
春燕,蕊官,14
春燕,贾环,3
春燕,尤氏,1
春燕,李纨,1
蝉姐,翠墨,2
蝉姐,艾官,2
钱槐,贾环,2
佩凤,宝玉,14
佩凤,芳官,4
佩凤,葵官,6
佩凤,李纨,5
佩凤,小童,2
佩凤,平儿,9
佩凤,尤氏,72
佩凤,香菱,4
佩凤,玻璃,6
佩凤,贾母,25
佩凤,贾赦,9
佩凤,贾政,7
佩凤,赖大,2
佩凤,凤姐,9
佩凤,嫣红,1
佩凤,翠云,1
佩凤,贾珍,26
佩凤,文花,2
佩凤,贾琏,5
佩凤,贾环,2
佩凤,贾兰,2
佩凤,鸳鸯,1
佩凤,偕鸾,2
佩凤,贾蓉,1
俞禄,贾珍,64
俞禄,贾蓉,132
俞禄,尤氏,12
俞禄,贾琏,256
俞禄,贾母,9
俞禄,贾赦,1
俞禄,凤姐,29
俞禄,张华,5
俞禄,兴儿,34
俞禄,平儿,2
张华,俞禄,5
张华,贾琏,34
张华,贾珍,39
张华,凤姐,276
张华,贾蓉,103
张华,尤氏,72
张华,兴儿,34
张华,平儿,2
张华,庆儿,34
张华,王信,22
张华,贾母,209
张华,鸳鸯,32
张华,琥珀,32
张华,贾政,2
张华,贾赦,4
隆儿,贾琏,55
隆儿,小童,4
隆儿,贾珍,20
隆儿,喜儿,20
隆儿,寿儿,4
隆儿,兴儿,16
隆儿,平儿,1
隆儿,黛玉,1
隆儿,宝钗,1
隆儿,宝玉,1
喜儿,贾琏,65
喜儿,小童,5
喜儿,隆儿,20
喜儿,贾珍,25
喜儿,寿儿,5
寿儿,贾琏,13
寿儿,小童,1
寿儿,隆儿,4
寿儿,贾珍,5
寿儿,喜儿,5
善姐,尤氏,6
善姐,凤姐,3
庆儿,贾琏,3
庆儿,张华,34
庆儿,贾蓉,11
庆儿,凤姐,27
庆儿,王信,5
庆儿,贾母,26
庆儿,鸳鸯,4
庆儿,琥珀,4
庆儿,尤氏,6
庆儿,贾珍,2
王信,贾琏,5
王信,张华,22
王信,贾蓉,13
王信,凤姐,18
王信,庆儿,5
王信,贾母,15
王信,鸳鸯,3
王信,琥珀,3
王信,尤氏,4
王信,贾珍,1
王信,宝玉,1
王信,彩云,1
王信,贾环,1
王信,李纨,1
秋桐,贾琏,182
秋桐,贾赦,25
秋桐,贾母,30
秋桐,凤姐,137
秋桐,平儿,101
秋桐,李纨,8
秋桐,尤氏,6
秋桐,小红,3
秋桐,丰儿,3
秋桐,鸳鸯,3
秋桐,琥珀,1
秋桐,贾政,1
秋桐,青儿,2
秋桐,宝钗,7
秋桐,袭人,2
秋桐,宝玉,7
秋桐,妙玉,1
喜鸾,贾母,66
喜鸾,贾政,4
喜鸾,鸳鸯,34
喜鸾,凤姐,46
喜鸾,宝钗,4
喜鸾,黛玉,4
喜鸾,贾琼,4
喜鸾,宝玉,16
喜鸾,赖大,4
喜鸾,贾赦,4
喜鸾,尤氏,10
喜鸾,琥珀,16
喜鸾,玻璃,4
喜鸾,平儿,10
喜鸾,李纨,10
喜鸾,贾琏,4
喜鸾,王仁,2
喜鸾,丰儿,2
喜鸾,小红,2
小霞,彩霞,2
小霞,贾环,5
小霞,凤姐,1
小霞,贾政,1
小霞,宝玉,2
小鹊,宝玉,9
小鹊,晴雯,3
翠云,凤姐,8
翠云,平儿,3
翠云,嫣红,1
翠云,佩凤,1
翠云,袭人,1
张妈,李纨,4
张妈,凤姐,30
张妈,入画,8
张妈,司棋,12
文花,贾珍,7
文花,尤氏,2
文花,佩凤,2
文花,贾赦,1
文花,贾政,1
文花,贾母,3
文花,贾琏,1
文花,宝玉,2
文花,贾环,1
文花,贾兰,1
宝蟾,香菱,651
宝蟾,薛蟠,254
宝蟾,宝钗,101
宝蟾,薛蝌,318
宝蟾,宝玉,1
宝蟾,贾琏,155
银碟,珍珠,1
银碟,贾琏,4
银碟,贾政,1
偕鸾,贾母,9
偕鸾,贾政,3
偕鸾,凤姐,1
偕鸾,鸳鸯,1
偕鸾,平儿,1
偕鸾,尤氏,4
偕鸾,佩凤,2
偕鸾,贾赦,3
偕鸾,贾珍,5
偕鸾,贾蓉,1
偕鸾,贾琏,3
